timestamp,supplemental_heat_power_w,data_quality_flag
2024-11-01 00:00:00,6547.914079850239,OK
2024-11-01 00:05:00,6525.791831654767,OK
2024-11-01 00:10:00,6559.378160378633,OK
2024-11-01 00:15:00,0.0,OK
2024-11-01 00:20:00,0.0,OK
2024-11-01 00:25:00,0.0,OK
2024-11-01 00:30:00,0.0,OK
2024-11-01 00:35:00,0.0,OK
2024-11-01 00:40:00,0.0,OK
2024-11-01 00:45:00,0.0,OK
2024-11-01 00:50:00,0.0,OK
2024-11-01 00:55:00,0.0,OK
2024-11-01 01:00:00,0.0,OK
2024-11-01 01:05:00,7025.76222732314,OK
2024-11-01 01:10:00,7048.298312350313,OK
2024-11-01 01:15:00,7150.368466387593,OK
2024-11-01 01:20:00,0.0,OK
2024-11-01 01:25:00,0.0,OK
2024-11-01 01:30:00,0.0,OK
2024-11-01 01:35:00,0.0,OK
2024-11-01 01:40:00,0.0,OK
2024-11-01 01:45:00,0.0,OK
2024-11-01 01:50:00,0.0,OK
2024-11-01 01:55:00,0.0,OK
2024-11-01 02:00:00,0.0,OK
2024-11-01 02:05:00,7304.055070866136,OK
2024-11-01 02:10:00,7205.295954463074,OK
2024-11-01 02:15:00,7342.824185729018,OK
2024-11-01 02:20:00,0.0,OK
2024-11-01 02:25:00,0.0,OK
2024-11-01 02:30:00,0.0,OK
2024-11-01 02:35:00,0.0,OK
2024-11-01 02:40:00,0.0,OK
2024-11-01 02:45:00,0.0,OK
2024-11-01 02:50:00,0.0,OK
2024-11-01 02:55:00,0.0,OK
2024-11-01 03:00:00,7352.733579846494,OK
2024-11-01 03:05:00,7362.9925788981445,OK
2024-11-01 03:10:00,7698.179574002404,OK
2024-11-01 03:15:00,0.0,OK
2024-11-01 03:20:00,0.0,OK
2024-11-01 03:25:00,0.0,OK
2024-11-01 03:30:00,0.0,OK
2024-11-01 03:35:00,0.0,OK
2024-11-01 03:40:00,0.0,OK
2024-11-01 03:45:00,0.0,OK
2024-11-01 03:50:00,0.0,OK
2024-11-01 03:55:00,0.0,OK
2024-11-01 04:00:00,0.0,OK
2024-11-01 04:05:00,0.0,OK
2024-11-01 04:10:00,7823.872723125807,OK
2024-11-01 04:15:00,7658.6531314384565,OK
2024-11-01 04:20:00,7666.103920208158,OK
2024-11-01 04:25:00,0.0,OK
2024-11-01 04:30:00,0.0,OK
2024-11-01 04:35:00,0.0,OK
2024-11-01 04:40:00,0.0,OK
2024-11-01 04:45:00,0.0,OK
2024-11-01 04:50:00,0.0,OK
2024-11-01 04:55:00,0.0,OK
2024-11-01 05:00:00,0.0,OK
2024-11-01 05:05:00,0.0,OK
2024-11-01 05:10:00,0.0,OK
2024-11-01 05:15:00,0.0,OK
2024-11-01 05:20:00,0.0,OK
2024-11-01 05:25:00,0.0,OK
2024-11-01 05:30:00,7753.612908423502,OK
2024-11-01 05:35:00,7889.569455267718,OK
2024-11-01 05:40:00,7846.439321175243,OK
2024-11-01 05:45:00,0.0,OK
2024-11-01 05:50:00,0.0,OK
2024-11-01 05:55:00,0.0,OK
2024-11-01 06:00:00,0.0,OK
2024-11-01 06:05:00,0.0,OK
2024-11-01 06:10:00,0.0,OK
2024-11-01 06:15:00,0.0,OK
2024-11-01 06:20:00,0.0,OK
2024-11-01 06:25:00,0.0,OK
2024-11-01 06:30:00,0.0,OK
2024-11-01 06:35:00,0.0,OK
2024-11-01 06:40:00,0.0,OK
2024-11-01 06:45:00,0.0,OK
2024-11-01 06:50:00,0.0,OK
2024-11-01 06:55:00,0.0,OK
2024-11-01 07:00:00,7954.109900853799,OK
2024-11-01 07:05:00,8000.0,OK
2024-11-01 07:10:00,7791.17580123221,OK
2024-11-01 07:15:00,0.0,OK
2024-11-01 07:20:00,0.0,OK
2024-11-01 07:25:00,0.0,OK
2024-11-01 07:30:00,0.0,OK
2024-11-01 07:35:00,0.0,OK
2024-11-01 07:40:00,0.0,OK
2024-11-01 07:45:00,0.0,OK
2024-11-01 07:50:00,0.0,OK
2024-11-01 07:55:00,0.0,OK
2024-11-01 08:00:00,7956.823452856381,OK
2024-11-01 08:05:00,7888.483615971643,OK
2024-11-01 08:10:00,7915.365636092864,OK
2024-11-01 08:15:00,0.0,OK
2024-11-01 08:20:00,0.0,OK
2024-11-01 08:25:00,0.0,OK
2024-11-01 08:30:00,0.0,OK
2024-11-01 08:35:00,0.0,OK
2024-11-01 08:40:00,0.0,OK
2024-11-01 08:45:00,0.0,OK
2024-11-01 08:50:00,0.0,OK
2024-11-01 08:55:00,7542.183516858545,OK
2024-11-01 09:00:00,7648.398089349912,OK
2024-11-01 09:05:00,7533.612672240981,OK
2024-11-01 09:10:00,0.0,OK
2024-11-01 09:15:00,0.0,OK
2024-11-01 09:20:00,0.0,OK
2024-11-01 09:25:00,0.0,OK
2024-11-01 09:30:00,0.0,OK
2024-11-01 09:35:00,0.0,OK
2024-11-01 09:40:00,0.0,OK
2024-11-01 09:45:00,0.0,OK
2024-11-01 09:50:00,7365.583819990884,OK
2024-11-01 09:55:00,7463.93036628306,OK
2024-11-01 10:00:00,7288.167989364759,OK
2024-11-01 10:05:00,0.0,OK
2024-11-01 10:10:00,0.0,OK
2024-11-01 10:15:00,0.0,OK
2024-11-01 10:20:00,0.0,OK
2024-11-01 10:25:00,0.0,OK
2024-11-01 10:30:00,0.0,OK
2024-11-01 10:35:00,0.0,OK
2024-11-01 10:40:00,0.0,OK
2024-11-01 10:45:00,0.0,OK
2024-11-01 10:50:00,6862.497576390226,OK
2024-11-01 10:55:00,7141.218289315686,OK
2024-11-01 11:00:00,7106.907998058405,OK
2024-11-01 11:05:00,0.0,OK
2024-11-01 11:10:00,0.0,OK
2024-11-01 11:15:00,0.0,OK
2024-11-01 11:20:00,0.0,OK
2024-11-01 11:25:00,0.0,OK
2024-11-01 11:30:00,0.0,OK
2024-11-01 11:35:00,0.0,OK
2024-11-01 11:40:00,0.0,OK
2024-11-01 11:45:00,0.0,OK
2024-11-01 11:50:00,0.0,OK
2024-11-01 11:55:00,0.0,OK
2024-11-01 12:00:00,6706.916184256638,OK
2024-11-01 12:05:00,6663.564712591794,OK
2024-11-01 12:10:00,6567.029399451722,OK
2024-11-01 12:15:00,0.0,OK
2024-11-01 12:20:00,0.0,OK
2024-11-01 12:25:00,0.0,OK
2024-11-01 12:30:00,0.0,OK
2024-11-01 12:35:00,0.0,OK
2024-11-01 12:40:00,0.0,OK
2024-11-01 12:45:00,0.0,OK
2024-11-01 12:50:00,0.0,OK
2024-11-01 12:55:00,0.0,OK
2024-11-01 13:00:00,0.0,OK
2024-11-01 13:05:00,0.0,OK
2024-11-01 13:10:00,0.0,OK
2024-11-01 13:15:00,0.0,OK
2024-11-01 13:20:00,0.0,OK
2024-11-01 13:25:00,6247.090435808186,OK
2024-11-01 13:30:00,6261.6647061775,OK
2024-11-01 13:35:00,6205.363240697618,OK
2024-11-01 13:40:00,0.0,OK
2024-11-01 13:45:00,0.0,OK
2024-11-01 13:50:00,0.0,OK
2024-11-01 13:55:00,0.0,OK
2024-11-01 14:00:00,0.0,OK
2024-11-01 14:05:00,0.0,OK
2024-11-01 14:10:00,0.0,OK
2024-11-01 14:15:00,0.0,OK
2024-11-01 14:20:00,0.0,OK
2024-11-01 14:25:00,0.0,OK
2024-11-01 14:30:00,0.0,OK
2024-11-01 14:35:00,0.0,OK
2024-11-01 14:40:00,0.0,OK
2024-11-01 14:45:00,0.0,OK
2024-11-01 14:50:00,0.0,OK
2024-11-01 14:55:00,0.0,OK
2024-11-01 15:00:00,0.0,OK
2024-11-01 15:05:00,0.0,OK
2024-11-01 15:10:00,0.0,OK
2024-11-01 15:15:00,0.0,OK
2024-11-01 15:20:00,0.0,OK
2024-11-01 15:25:00,0.0,OK
2024-11-01 15:30:00,0.0,OK
2024-11-01 15:35:00,0.0,OK
2024-11-01 15:40:00,0.0,OK
2024-11-01 15:45:00,0.0,OK
2024-11-01 15:50:00,0.0,OK
2024-11-01 15:55:00,0.0,OK
2024-11-01 16:00:00,0.0,OK
2024-11-01 16:05:00,0.0,OK
2024-11-01 16:10:00,0.0,OK
2024-11-01 16:15:00,0.0,OK
2024-11-01 16:20:00,0.0,OK
2024-11-01 16:25:00,0.0,OK
2024-11-01 16:30:00,0.0,OK
2024-11-01 16:35:00,0.0,OK
2024-11-01 16:40:00,0.0,OK
2024-11-01 16:45:00,0.0,OK
2024-11-01 16:50:00,0.0,OK
2024-11-01 16:55:00,0.0,OK
2024-11-01 17:00:00,0.0,OK
2024-11-01 17:05:00,0.0,OK
2024-11-01 17:10:00,0.0,OK
2024-11-01 17:15:00,0.0,OK
2024-11-01 17:20:00,0.0,OK
2024-11-01 17:25:00,0.0,OK
2024-11-01 17:30:00,0.0,OK
2024-11-01 17:35:00,0.0,OK
2024-11-01 17:40:00,0.0,OK
2024-11-01 17:45:00,0.0,OK
2024-11-01 17:50:00,0.0,OK
2024-11-01 17:55:00,0.0,OK
2024-11-01 18:00:00,0.0,OK
2024-11-01 18:05:00,0.0,OK
2024-11-01 18:10:00,0.0,OK
2024-11-01 18:15:00,0.0,OK
2024-11-01 18:20:00,0.0,OK
2024-11-01 18:25:00,0.0,OK
2024-11-01 18:30:00,0.0,OK
2024-11-01 18:35:00,0.0,OK
2024-11-01 18:40:00,0.0,OK
2024-11-01 18:45:00,0.0,OK
2024-11-01 18:50:00,0.0,OK
2024-11-01 18:55:00,0.0,OK
2024-11-01 19:00:00,0.0,OK
2024-11-01 19:05:00,0.0,OK
2024-11-01 19:10:00,0.0,OK
2024-11-01 19:15:00,0.0,OK
2024-11-01 19:20:00,0.0,OK
2024-11-01 19:25:00,0.0,OK
2024-11-01 19:30:00,0.0,OK
2024-11-01 19:35:00,0.0,OK
2024-11-01 19:40:00,0.0,OK
2024-11-01 19:45:00,0.0,OK
2024-11-01 19:50:00,0.0,OK
2024-11-01 19:55:00,0.0,OK
2024-11-01 20:00:00,0.0,OK
2024-11-01 20:05:00,0.0,OK
2024-11-01 20:10:00,0.0,OK
2024-11-01 20:15:00,0.0,OK
2024-11-01 20:20:00,0.0,OK
2024-11-01 20:25:00,0.0,OK
2024-11-01 20:30:00,0.0,OK
2024-11-01 20:35:00,0.0,OK
2024-11-01 20:40:00,0.0,OK
2024-11-01 20:45:00,0.0,OK
2024-11-01 20:50:00,0.0,OK
2024-11-01 20:55:00,0.0,OK
2024-11-01 21:00:00,0.0,OK
2024-11-01 21:05:00,0.0,OK
2024-11-01 21:10:00,0.0,OK
2024-11-01 21:15:00,0.0,OK
2024-11-01 21:20:00,0.0,OK
2024-11-01 21:25:00,0.0,OK
2024-11-01 21:30:00,0.0,OK
2024-11-01 21:35:00,0.0,OK
2024-11-01 21:40:00,0.0,OK
2024-11-01 21:45:00,0.0,OK
2024-11-01 21:50:00,0.0,OK
2024-11-01 21:55:00,0.0,OK
2024-11-01 22:00:00,0.0,OK
2024-11-01 22:05:00,0.0,OK
2024-11-01 22:10:00,0.0,OK
2024-11-01 22:15:00,0.0,OK
2024-11-01 22:20:00,0.0,OK
2024-11-01 22:25:00,0.0,OK
2024-11-01 22:30:00,0.0,OK
2024-11-01 22:35:00,6281.952072897951,OK
2024-11-01 22:40:00,6172.428952779324,OK
2024-11-01 22:45:00,6222.339969037553,OK
2024-11-01 22:50:00,0.0,OK
2024-11-01 22:55:00,0.0,OK
2024-11-01 23:00:00,0.0,OK
2024-11-01 23:05:00,0.0,OK
2024-11-01 23:10:00,0.0,OK
2024-11-01 23:15:00,0.0,OK
2024-11-01 23:20:00,0.0,OK
2024-11-01 23:25:00,0.0,OK
2024-11-01 23:30:00,0.0,OK
2024-11-01 23:35:00,0.0,OK
2024-11-01 23:40:00,6592.240205092049,OK
2024-11-01 23:45:00,6527.227432330363,OK
2024-11-01 23:50:00,6680.598475987315,OK
2024-11-01 23:55:00,0.0,OK
2024-11-02 00:00:00,0.0,OK
2024-11-02 00:05:00,0.0,OK
2024-11-02 00:10:00,0.0,OK
2024-11-02 00:15:00,0.0,OK
2024-11-02 00:20:00,0.0,OK
2024-11-02 00:25:00,0.0,OK
2024-11-02 00:30:00,0.0,OK
2024-11-02 00:35:00,0.0,OK
2024-11-02 00:40:00,0.0,OK
2024-11-02 00:45:00,0.0,OK
2024-11-02 00:50:00,0.0,OK
2024-11-02 00:55:00,6992.943378210286,OK
2024-11-02 01:00:00,7135.545872913964,OK
2024-11-02 01:05:00,7245.070355437455,OK
2024-11-02 01:10:00,0.0,OK
2024-11-02 01:15:00,0.0,OK
2024-11-02 01:20:00,0.0,OK
2024-11-02 01:25:00,0.0,OK
2024-11-02 01:30:00,0.0,OK
2024-11-02 01:35:00,0.0,OK
2024-11-02 01:40:00,0.0,OK
2024-11-02 01:45:00,0.0,OK
2024-11-02 01:50:00,0.0,OK
2024-11-02 01:55:00,0.0,OK
2024-11-02 02:00:00,7277.8408851925005,OK
2024-11-02 02:05:00,7429.462624314765,OK
2024-11-02 02:10:00,7329.1551673256,OK
2024-11-02 02:15:00,0.0,OK
2024-11-02 02:20:00,0.0,OK
2024-11-02 02:25:00,0.0,OK
2024-11-02 02:30:00,0.0,OK
2024-11-02 02:35:00,0.0,OK
2024-11-02 02:40:00,0.0,OK
2024-11-02 02:45:00,0.0,OK
2024-11-02 02:50:00,0.0,OK
2024-11-02 02:55:00,0.0,OK
2024-11-02 03:00:00,0.0,OK
2024-11-02 03:05:00,0.0,OK
2024-11-02 03:10:00,7505.997840286362,OK
2024-11-02 03:15:00,7544.4439061568,OK
2024-11-02 03:20:00,7511.39829062768,OK
2024-11-02 03:25:00,0.0,OK
2024-11-02 03:30:00,0.0,OK
2024-11-02 03:35:00,0.0,OK
2024-11-02 03:40:00,0.0,OK
2024-11-02 03:45:00,0.0,OK
2024-11-02 03:50:00,0.0,OK
2024-11-02 03:55:00,0.0,OK
2024-11-02 04:00:00,0.0,OK
2024-11-02 04:05:00,0.0,OK
2024-11-02 04:10:00,7562.4606322665395,OK
2024-11-02 04:15:00,7695.105385134243,OK
2024-11-02 04:20:00,7703.757182422019,OK
2024-11-02 04:25:00,0.0,OK
2024-11-02 04:30:00,0.0,OK
2024-11-02 04:35:00,,MISSING
2024-11-02 04:40:00,,MISSING
2024-11-02 04:45:00,0.0,OK
2024-11-02 04:50:00,0.0,OK
2024-11-02 04:55:00,0.0,OK
2024-11-02 05:00:00,0.0,OK
2024-11-02 05:05:00,0.0,OK
2024-11-02 05:10:00,0.0,OK
2024-11-02 05:15:00,0.0,OK
2024-11-02 05:20:00,0.0,OK
2024-11-02 05:25:00,0.0,OK
2024-11-02 05:30:00,0.0,OK
2024-11-02 05:35:00,7867.164330158365,OK
2024-11-02 05:40:00,7808.288695369209,OK
2024-11-02 05:45:00,7843.428539292908,OK
2024-11-02 05:50:00,0.0,OK
2024-11-02 05:55:00,0.0,OK
2024-11-02 06:00:00,0.0,OK
2024-11-02 06:05:00,0.0,OK
2024-11-02 06:10:00,0.0,OK
2024-11-02 06:15:00,0.0,OK
2024-11-02 06:20:00,0.0,OK
2024-11-02 06:25:00,0.0,OK
2024-11-02 06:30:00,8000.0,OK
2024-11-02 06:35:00,8000.0,OK
2024-11-02 06:40:00,7827.5258962885655,OK
2024-11-02 06:45:00,0.0,OK
2024-11-02 06:50:00,0.0,OK
2024-11-02 06:55:00,0.0,OK
2024-11-02 07:00:00,0.0,OK
2024-11-02 07:05:00,0.0,OK
2024-11-02 07:10:00,0.0,OK
2024-11-02 07:15:00,0.0,OK
2024-11-02 07:20:00,0.0,OK
2024-11-02 07:25:00,0.0,OK
2024-11-02 07:30:00,0.0,OK
2024-11-02 07:35:00,7760.673479797002,OK
2024-11-02 07:40:00,7699.830581473859,OK
2024-11-02 07:45:00,7790.086150281229,OK
2024-11-02 07:50:00,0.0,OK
2024-11-02 07:55:00,0.0,OK
2024-11-02 08:00:00,0.0,OK
2024-11-02 08:05:00,0.0,OK
2024-11-02 08:10:00,0.0,OK
2024-11-02 08:15:00,0.0,OK
2024-11-02 08:20:00,0.0,OK
2024-11-02 08:25:00,0.0,OK
2024-11-02 08:30:00,0.0,OK
2024-11-02 08:35:00,0.0,OK
2024-11-02 08:40:00,0.0,OK
2024-11-02 08:45:00,0.0,OK
2024-11-02 08:50:00,7777.6628227533765,OK
2024-11-02 08:55:00,7672.054273473111,OK
2024-11-02 09:00:00,7417.748010790757,OK
2024-11-02 09:05:00,0.0,OK
2024-11-02 09:10:00,0.0,OK
2024-11-02 09:15:00,0.0,OK
2024-11-02 09:20:00,0.0,OK
2024-11-02 09:25:00,0.0,OK
2024-11-02 09:30:00,0.0,OK
2024-11-02 09:35:00,0.0,OK
2024-11-02 09:40:00,0.0,OK
2024-11-02 09:45:00,0.0,OK
2024-11-02 09:50:00,0.0,OK
2024-11-02 09:55:00,0.0,OK
2024-11-02 10:00:00,0.0,OK
2024-11-02 10:05:00,7343.797691204286,OK
2024-11-02 10:10:00,7257.586514272277,OK
2024-11-02 10:15:00,7219.1403250820185,OK
2024-11-02 10:20:00,0.0,OK
2024-11-02 10:25:00,0.0,OK
2024-11-02 10:30:00,0.0,OK
2024-11-02 10:35:00,0.0,OK
2024-11-02 10:40:00,0.0,OK
2024-11-02 10:45:00,0.0,OK
2024-11-02 10:50:00,0.0,OK
2024-11-02 10:55:00,0.0,OK
2024-11-02 11:00:00,0.0,OK
2024-11-02 11:05:00,6693.350905351998,OK
2024-11-02 11:10:00,6791.840201585683,OK
2024-11-02 11:15:00,6783.942070867925,OK
2024-11-02 11:20:00,0.0,OK
2024-11-02 11:25:00,0.0,OK
2024-11-02 11:30:00,0.0,OK
2024-11-02 11:35:00,0.0,OK
2024-11-02 11:40:00,0.0,OK
2024-11-02 11:45:00,0.0,OK
2024-11-02 11:50:00,0.0,OK
2024-11-02 11:55:00,0.0,OK
2024-11-02 12:00:00,0.0,OK
2024-11-02 12:05:00,0.0,OK
2024-11-02 12:10:00,0.0,OK
2024-11-02 12:15:00,0.0,OK
2024-11-02 12:20:00,6549.715552538312,OK
2024-11-02 12:25:00,6591.196004701496,OK
2024-11-02 12:30:00,6382.53106613864,OK
2024-11-02 12:35:00,0.0,OK
2024-11-02 12:40:00,0.0,OK
2024-11-02 12:45:00,0.0,OK
2024-11-02 12:50:00,0.0,OK
2024-11-02 12:55:00,0.0,OK
2024-11-02 13:00:00,0.0,OK
2024-11-02 13:05:00,0.0,OK
2024-11-02 13:10:00,0.0,OK
2024-11-02 13:15:00,0.0,OK
2024-11-02 13:20:00,6234.616789535088,OK
2024-11-02 13:25:00,6155.876567661408,OK
2024-11-02 13:30:00,6100.272147009662,OK
2024-11-02 13:35:00,0.0,OK
2024-11-02 13:40:00,0.0,OK
2024-11-02 13:45:00,0.0,OK
2024-11-02 13:50:00,0.0,OK
2024-11-02 13:55:00,0.0,OK
2024-11-02 14:00:00,0.0,OK
2024-11-02 14:05:00,0.0,OK
2024-11-02 14:10:00,0.0,OK
2024-11-02 14:15:00,0.0,OK
2024-11-02 14:20:00,0.0,OK
2024-11-02 14:25:00,0.0,OK
2024-11-02 14:30:00,0.0,OK
2024-11-02 14:35:00,0.0,OK
2024-11-02 14:40:00,0.0,OK
2024-11-02 14:45:00,0.0,OK
2024-11-02 14:50:00,0.0,OK
2024-11-02 14:55:00,0.0,OK
2024-11-02 15:00:00,0.0,OK
2024-11-02 15:05:00,0.0,OK
2024-11-02 15:10:00,0.0,OK
2024-11-02 15:15:00,0.0,OK
2024-11-02 15:20:00,0.0,OK
2024-11-02 15:25:00,0.0,OK
2024-11-02 15:30:00,0.0,OK
2024-11-02 15:35:00,0.0,OK
2024-11-02 15:40:00,0.0,OK
2024-11-02 15:45:00,0.0,OK
2024-11-02 15:50:00,0.0,OK
2024-11-02 15:55:00,0.0,OK
2024-11-02 16:00:00,0.0,OK
2024-11-02 16:05:00,0.0,OK
2024-11-02 16:10:00,0.0,OK
2024-11-02 16:15:00,0.0,OK
2024-11-02 16:20:00,0.0,OK
2024-11-02 16:25:00,0.0,OK
2024-11-02 16:30:00,0.0,OK
2024-11-02 16:35:00,0.0,OK
2024-11-02 16:40:00,0.0,OK
2024-11-02 16:45:00,0.0,OK
2024-11-02 16:50:00,0.0,OK
2024-11-02 16:55:00,0.0,OK
2024-11-02 17:00:00,0.0,OK
2024-11-02 17:05:00,0.0,OK
2024-11-02 17:10:00,0.0,OK
2024-11-02 17:15:00,0.0,OK
2024-11-02 17:20:00,0.0,OK
2024-11-02 17:25:00,0.0,OK
2024-11-02 17:30:00,0.0,OK
2024-11-02 17:35:00,0.0,OK
2024-11-02 17:40:00,0.0,OK
2024-11-02 17:45:00,0.0,OK
2024-11-02 17:50:00,0.0,OK
2024-11-02 17:55:00,0.0,OK
2024-11-02 18:00:00,0.0,OK
2024-11-02 18:05:00,0.0,OK
2024-11-02 18:10:00,0.0,OK
2024-11-02 18:15:00,0.0,OK
2024-11-02 18:20:00,0.0,OK
2024-11-02 18:25:00,0.0,OK
2024-11-02 18:30:00,0.0,OK
2024-11-02 18:35:00,0.0,OK
2024-11-02 18:40:00,0.0,OK
2024-11-02 18:45:00,0.0,OK
2024-11-02 18:50:00,0.0,OK
2024-11-02 18:55:00,0.0,OK
2024-11-02 19:00:00,0.0,OK
2024-11-02 19:05:00,0.0,OK
2024-11-02 19:10:00,0.0,OK
2024-11-02 19:15:00,0.0,OK
2024-11-02 19:20:00,0.0,OK
2024-11-02 19:25:00,0.0,OK
2024-11-02 19:30:00,0.0,OK
2024-11-02 19:35:00,0.0,OK
2024-11-02 19:40:00,0.0,OK
2024-11-02 19:45:00,0.0,OK
2024-11-02 19:50:00,0.0,OK
2024-11-02 19:55:00,0.0,OK
2024-11-02 20:00:00,0.0,OK
2024-11-02 20:05:00,0.0,OK
2024-11-02 20:10:00,0.0,OK
2024-11-02 20:15:00,0.0,OK
2024-11-02 20:20:00,0.0,OK
2024-11-02 20:25:00,0.0,OK
2024-11-02 20:30:00,0.0,OK
2024-11-02 20:35:00,0.0,OK
2024-11-02 20:40:00,0.0,OK
2024-11-02 20:45:00,0.0,OK
2024-11-02 20:50:00,0.0,OK
2024-11-02 20:55:00,0.0,OK
2024-11-02 21:00:00,0.0,OK
2024-11-02 21:05:00,0.0,OK
2024-11-02 21:10:00,0.0,OK
2024-11-02 21:15:00,0.0,OK
2024-11-02 21:20:00,0.0,OK
2024-11-02 21:25:00,0.0,OK
2024-11-02 21:30:00,0.0,OK
2024-11-02 21:35:00,0.0,OK
2024-11-02 21:40:00,0.0,OK
2024-11-02 21:45:00,0.0,OK
2024-11-02 21:50:00,0.0,OK
2024-11-02 21:55:00,0.0,OK
2024-11-02 22:00:00,0.0,OK
2024-11-02 22:05:00,0.0,OK
2024-11-02 22:10:00,6074.610518365939,OK
2024-11-02 22:15:00,5917.6337057944875,OK
2024-11-02 22:20:00,6081.95917219454,OK
2024-11-02 22:25:00,0.0,OK
2024-11-02 22:30:00,0.0,OK
2024-11-02 22:35:00,0.0,OK
2024-11-02 22:40:00,0.0,OK
2024-11-02 22:45:00,0.0,OK
2024-11-02 22:50:00,0.0,OK
2024-11-02 22:55:00,0.0,OK
2024-11-02 23:00:00,0.0,OK
2024-11-02 23:05:00,6340.4630442204925,OK
2024-11-02 23:10:00,6382.597075486996,OK
2024-11-02 23:15:00,6276.791286423226,OK
2024-11-02 23:20:00,0.0,OK
2024-11-02 23:25:00,0.0,OK
2024-11-02 23:30:00,0.0,OK
2024-11-02 23:35:00,0.0,OK
2024-11-02 23:40:00,0.0,OK
2024-11-02 23:45:00,0.0,OK
2024-11-02 23:50:00,0.0,OK
2024-11-02 23:55:00,0.0,OK
2024-11-03 00:00:00,0.0,OK
2024-11-03 00:05:00,0.0,OK
2024-11-03 00:10:00,6742.172441831457,OK
2024-11-03 00:15:00,6661.189522352429,OK
2024-11-03 00:20:00,6804.013569021941,OK
2024-11-03 00:25:00,0.0,OK
2024-11-03 00:30:00,0.0,OK
2024-11-03 00:35:00,0.0,OK
2024-11-03 00:40:00,0.0,OK
2024-11-03 00:45:00,0.0,OK
2024-11-03 00:50:00,0.0,OK
2024-11-03 00:55:00,0.0,OK
2024-11-03 01:00:00,0.0,OK
2024-11-03 01:05:00,0.0,OK
2024-11-03 01:10:00,0.0,OK
2024-11-03 01:15:00,0.0,OK
2024-11-03 01:20:00,7038.615615406703,OK
2024-11-03 01:25:00,7153.132500031894,OK
2024-11-03 01:30:00,7398.899995667971,OK
2024-11-03 01:35:00,0.0,OK
2024-11-03 01:40:00,0.0,OK
2024-11-03 01:45:00,0.0,OK
2024-11-03 01:50:00,0.0,OK
2024-11-03 01:55:00,0.0,OK
2024-11-03 02:00:00,0.0,OK
2024-11-03 02:05:00,0.0,OK
2024-11-03 02:10:00,0.0,OK
2024-11-03 02:15:00,0.0,OK
2024-11-03 02:20:00,0.0,OK
2024-11-03 02:25:00,0.0,OK
2024-11-03 02:30:00,7505.030822841729,OK
2024-11-03 02:35:00,7570.057482025762,OK
2024-11-03 02:40:00,7641.36626764205,OK
2024-11-03 02:45:00,0.0,OK
2024-11-03 02:50:00,0.0,OK
2024-11-03 02:55:00,0.0,OK
2024-11-03 03:00:00,0.0,OK
2024-11-03 03:05:00,0.0,OK
2024-11-03 03:10:00,0.0,OK
2024-11-03 03:15:00,0.0,OK
2024-11-03 03:20:00,0.0,OK
2024-11-03 03:25:00,0.0,OK
2024-11-03 03:30:00,0.0,OK
2024-11-03 03:35:00,0.0,OK
2024-11-03 03:40:00,0.0,OK
2024-11-03 03:45:00,0.0,OK
2024-11-03 03:50:00,0.0,OK
2024-11-03 03:55:00,0.0,OK
2024-11-03 04:00:00,0.0,OK
2024-11-03 04:05:00,7840.9868677654795,OK
2024-11-03 04:10:00,8000.0,OK
2024-11-03 04:15:00,7977.947372040639,OK
2024-11-03 04:20:00,0.0,OK
2024-11-03 04:25:00,0.0,OK
2024-11-03 04:30:00,0.0,OK
2024-11-03 04:35:00,0.0,OK
2024-11-03 04:40:00,0.0,OK
2024-11-03 04:45:00,0.0,OK
2024-11-03 04:50:00,0.0,OK
2024-11-03 04:55:00,0.0,OK
2024-11-03 05:00:00,0.0,OK
2024-11-03 05:05:00,0.0,OK
2024-11-03 05:10:00,0.0,OK
2024-11-03 05:15:00,0.0,OK
2024-11-03 05:20:00,0.0,OK
2024-11-03 05:25:00,0.0,OK
2024-11-03 05:30:00,0.0,OK
2024-11-03 05:35:00,0.0,OK
2024-11-03 05:40:00,0.0,OK
2024-11-03 05:45:00,8000.0,OK
2024-11-03 05:50:00,8000.0,OK
2024-11-03 05:55:00,8000.0,OK
2024-11-03 06:00:00,0.0,OK
2024-11-03 06:05:00,0.0,OK
2024-11-03 06:10:00,0.0,OK
2024-11-03 06:15:00,0.0,OK
2024-11-03 06:20:00,0.0,OK
2024-11-03 06:25:00,0.0,OK
2024-11-03 06:30:00,0.0,OK
2024-11-03 06:35:00,0.0,OK
2024-11-03 06:40:00,8000.0,OK
2024-11-03 06:45:00,8000.0,OK
2024-11-03 06:50:00,8000.0,OK
2024-11-03 06:55:00,0.0,OK
2024-11-03 07:00:00,0.0,OK
2024-11-03 07:05:00,0.0,OK
2024-11-03 07:10:00,0.0,OK
2024-11-03 07:15:00,0.0,OK
2024-11-03 07:20:00,0.0,OK
2024-11-03 07:25:00,0.0,OK
2024-11-03 07:30:00,0.0,OK
2024-11-03 07:35:00,0.0,OK
2024-11-03 07:40:00,0.0,OK
2024-11-03 07:45:00,0.0,OK
2024-11-03 07:50:00,0.0,OK
2024-11-03 07:55:00,0.0,OK
2024-11-03 08:00:00,0.0,OK
2024-11-03 08:05:00,0.0,OK
2024-11-03 08:10:00,0.0,OK
2024-11-03 08:15:00,0.0,OK
2024-11-03 08:20:00,8000.0,OK
2024-11-03 08:25:00,7932.649608853582,OK
2024-11-03 08:30:00,7889.152318064301,OK
2024-11-03 08:35:00,0.0,OK
2024-11-03 08:40:00,0.0,OK
2024-11-03 08:45:00,0.0,OK
2024-11-03 08:50:00,0.0,OK
2024-11-03 08:55:00,0.0,OK
2024-11-03 09:00:00,0.0,OK
2024-11-03 09:05:00,0.0,OK
2024-11-03 09:10:00,0.0,OK
2024-11-03 09:15:00,0.0,OK
2024-11-03 09:20:00,0.0,OK
2024-11-03 09:25:00,7579.1103816876675,OK
2024-11-03 09:30:00,7562.429150411586,OK
2024-11-03 09:35:00,7535.7721949400875,OK
2024-11-03 09:40:00,0.0,OK
2024-11-03 09:45:00,0.0,OK
2024-11-03 09:50:00,0.0,OK
2024-11-03 09:55:00,0.0,OK
2024-11-03 10:00:00,0.0,OK
2024-11-03 10:05:00,0.0,OK
2024-11-03 10:10:00,0.0,OK
2024-11-03 10:15:00,0.0,OK
2024-11-03 10:20:00,7419.095175847357,OK
2024-11-03 10:25:00,7247.108004303221,OK
2024-11-03 10:30:00,7444.06923959612,OK
2024-11-03 10:35:00,0.0,OK
2024-11-03 10:40:00,0.0,OK
2024-11-03 10:45:00,0.0,OK
2024-11-03 10:50:00,0.0,OK
2024-11-03 10:55:00,0.0,OK
2024-11-03 11:00:00,0.0,OK
2024-11-03 11:05:00,0.0,OK
2024-11-03 11:10:00,0.0,OK
2024-11-03 11:15:00,0.0,OK
2024-11-03 11:20:00,0.0,OK
2024-11-03 11:25:00,0.0,OK
2024-11-03 11:30:00,0.0,OK
2024-11-03 11:35:00,0.0,OK
2024-11-03 11:40:00,0.0,OK
2024-11-03 11:45:00,0.0,OK
2024-11-03 11:50:00,0.0,OK
2024-11-03 11:55:00,0.0,OK
2024-11-03 12:00:00,0.0,OK
2024-11-03 12:05:00,0.0,OK
2024-11-03 12:10:00,0.0,OK
2024-11-03 12:15:00,6778.4011165493785,OK
2024-11-03 12:20:00,6909.2082633769705,OK
2024-11-03 12:25:00,6775.3693087810925,OK
2024-11-03 12:30:00,0.0,OK
2024-11-03 12:35:00,0.0,OK
2024-11-03 12:40:00,0.0,OK
2024-11-03 12:45:00,0.0,OK
2024-11-03 12:50:00,0.0,OK
2024-11-03 12:55:00,0.0,OK
2024-11-03 13:00:00,0.0,OK
2024-11-03 13:05:00,0.0,OK
2024-11-03 13:10:00,0.0,OK
2024-11-03 13:15:00,0.0,OK
2024-11-03 13:20:00,0.0,OK
2024-11-03 13:25:00,6542.263399340927,OK
2024-11-03 13:30:00,6431.490888177989,OK
2024-11-03 13:35:00,6506.54673417254,OK
2024-11-03 13:40:00,0.0,OK
2024-11-03 13:45:00,0.0,OK
2024-11-03 13:50:00,0.0,OK
2024-11-03 13:55:00,0.0,OK
2024-11-03 14:00:00,0.0,OK
2024-11-03 14:05:00,0.0,OK
2024-11-03 14:10:00,0.0,OK
2024-11-03 14:15:00,0.0,OK
2024-11-03 14:20:00,0.0,OK
2024-11-03 14:25:00,0.0,OK
2024-11-03 14:30:00,0.0,OK
2024-11-03 14:35:00,0.0,OK
2024-11-03 14:40:00,0.0,OK
2024-11-03 14:45:00,0.0,OK
2024-11-03 14:50:00,0.0,OK
2024-11-03 14:55:00,0.0,OK
2024-11-03 15:00:00,0.0,OK
2024-11-03 15:05:00,0.0,OK
2024-11-03 15:10:00,0.0,OK
2024-11-03 15:15:00,0.0,OK
2024-11-03 15:20:00,5993.765333534787,OK
2024-11-03 15:25:00,5624.696543452566,OK
2024-11-03 15:30:00,5776.783806947791,OK
2024-11-03 15:35:00,0.0,OK
2024-11-03 15:40:00,0.0,OK
2024-11-03 15:45:00,0.0,OK
2024-11-03 15:50:00,0.0,OK
2024-11-03 15:55:00,0.0,OK
2024-11-03 16:00:00,0.0,OK
2024-11-03 16:05:00,0.0,OK
2024-11-03 16:10:00,0.0,OK
2024-11-03 16:15:00,0.0,OK
2024-11-03 16:20:00,0.0,OK
2024-11-03 16:25:00,0.0,OK
2024-11-03 16:30:00,0.0,OK
2024-11-03 16:35:00,0.0,OK
2024-11-03 16:40:00,0.0,OK
2024-11-03 16:45:00,0.0,OK
2024-11-03 16:50:00,0.0,OK
2024-11-03 16:55:00,0.0,OK
2024-11-03 17:00:00,0.0,OK
2024-11-03 17:05:00,0.0,OK
2024-11-03 17:10:00,0.0,OK
2024-11-03 17:15:00,0.0,OK
2024-11-03 17:20:00,0.0,OK
2024-11-03 17:25:00,0.0,OK
2024-11-03 17:30:00,0.0,OK
2024-11-03 17:35:00,0.0,OK
2024-11-03 17:40:00,0.0,OK
2024-11-03 17:45:00,0.0,OK
2024-11-03 17:50:00,0.0,OK
2024-11-03 17:55:00,0.0,OK
2024-11-03 18:00:00,0.0,OK
2024-11-03 18:05:00,0.0,OK
2024-11-03 18:10:00,0.0,OK
2024-11-03 18:15:00,0.0,OK
2024-11-03 18:20:00,0.0,OK
2024-11-03 18:25:00,0.0,OK
2024-11-03 18:30:00,0.0,OK
2024-11-03 18:35:00,0.0,OK
2024-11-03 18:40:00,0.0,OK
2024-11-03 18:45:00,0.0,OK
2024-11-03 18:50:00,0.0,OK
2024-11-03 18:55:00,0.0,OK
2024-11-03 19:00:00,0.0,OK
2024-11-03 19:05:00,0.0,OK
2024-11-03 19:10:00,0.0,OK
2024-11-03 19:15:00,0.0,OK
2024-11-03 19:20:00,0.0,OK
2024-11-03 19:25:00,0.0,OK
2024-11-03 19:30:00,0.0,OK
2024-11-03 19:35:00,0.0,OK
2024-11-03 19:40:00,0.0,OK
2024-11-03 19:45:00,0.0,OK
2024-11-03 19:50:00,0.0,OK
2024-11-03 19:55:00,0.0,OK
2024-11-03 20:00:00,0.0,OK
2024-11-03 20:05:00,0.0,OK
2024-11-03 20:10:00,0.0,OK
2024-11-03 20:15:00,0.0,OK
2024-11-03 20:20:00,0.0,OK
2024-11-03 20:25:00,0.0,OK
2024-11-03 20:30:00,0.0,OK
2024-11-03 20:35:00,0.0,OK
2024-11-03 20:40:00,0.0,OK
2024-11-03 20:45:00,0.0,OK
2024-11-03 20:50:00,0.0,OK
2024-11-03 20:55:00,0.0,OK
2024-11-03 21:00:00,0.0,OK
2024-11-03 21:05:00,0.0,OK
2024-11-03 21:10:00,0.0,OK
2024-11-03 21:15:00,0.0,OK
2024-11-03 21:20:00,6039.021033893024,OK
2024-11-03 21:25:00,6044.951089217304,OK
2024-11-03 21:30:00,6172.270757907851,OK
2024-11-03 21:35:00,0.0,OK
2024-11-03 21:40:00,0.0,OK
2024-11-03 21:45:00,0.0,OK
2024-11-03 21:50:00,0.0,OK
2024-11-03 21:55:00,0.0,OK
2024-11-03 22:00:00,0.0,OK
2024-11-03 22:05:00,0.0,OK
2024-11-03 22:10:00,0.0,OK
2024-11-03 22:15:00,0.0,OK
2024-11-03 22:20:00,0.0,OK
2024-11-03 22:25:00,0.0,OK
2024-11-03 22:30:00,0.0,OK
2024-11-03 22:35:00,0.0,OK
2024-11-03 22:40:00,0.0,OK
2024-11-03 22:45:00,0.0,OK
2024-11-03 22:50:00,0.0,OK
2024-11-03 22:55:00,0.0,OK
2024-11-03 23:00:00,0.0,OK
2024-11-03 23:05:00,0.0,OK
2024-11-03 23:10:00,6442.806484963264,OK
2024-11-03 23:15:00,6526.554610371517,OK
2024-11-03 23:20:00,6554.879149665499,OK
2024-11-03 23:25:00,0.0,OK
2024-11-03 23:30:00,0.0,OK
2024-11-03 23:35:00,0.0,OK
2024-11-03 23:40:00,0.0,OK
2024-11-03 23:45:00,0.0,OK
2024-11-03 23:50:00,0.0,OK
2024-11-03 23:55:00,0.0,OK
2024-11-04 00:00:00,0.0,OK
2024-11-04 00:05:00,0.0,OK
2024-11-04 00:10:00,0.0,OK
2024-11-04 00:15:00,0.0,OK
2024-11-04 00:20:00,0.0,OK
2024-11-04 00:25:00,0.0,OK
2024-11-04 00:30:00,0.0,OK
2024-11-04 00:35:00,0.0,OK
2024-11-04 00:40:00,0.0,OK
2024-11-04 00:45:00,0.0,OK
2024-11-04 00:50:00,0.0,OK
2024-11-04 00:55:00,0.0,OK
2024-11-04 01:00:00,0.0,OK
2024-11-04 01:05:00,0.0,OK
2024-11-04 01:10:00,7287.999739927309,OK
2024-11-04 01:15:00,7546.43709650251,OK
2024-11-04 01:20:00,7429.960459458513,OK
2024-11-04 01:25:00,0.0,OK
2024-11-04 01:30:00,0.0,OK
2024-11-04 01:35:00,0.0,OK
2024-11-04 01:40:00,0.0,OK
2024-11-04 01:45:00,0.0,OK
2024-11-04 01:50:00,0.0,OK
2024-11-04 01:55:00,0.0,OK
2024-11-04 02:00:00,0.0,OK
2024-11-04 02:05:00,0.0,OK
2024-11-04 02:10:00,7810.154348659777,OK
2024-11-04 02:15:00,7939.964182685005,OK
2024-11-04 02:20:00,7786.570352025784,OK
2024-11-04 02:25:00,0.0,OK
2024-11-04 02:30:00,0.0,OK
2024-11-04 02:35:00,0.0,OK
2024-11-04 02:40:00,0.0,OK
2024-11-04 02:45:00,0.0,OK
2024-11-04 02:50:00,0.0,OK
2024-11-04 02:55:00,0.0,OK
2024-11-04 03:00:00,0.0,OK
2024-11-04 03:05:00,0.0,OK
2024-11-04 03:10:00,0.0,OK
2024-11-04 03:15:00,0.0,OK
2024-11-04 03:20:00,0.0,OK
2024-11-04 03:25:00,0.0,OK
2024-11-04 03:30:00,0.0,OK
2024-11-04 03:35:00,0.0,OK
2024-11-04 03:40:00,0.0,OK
2024-11-04 03:45:00,0.0,OK
2024-11-04 03:50:00,0.0,OK
2024-11-04 03:55:00,0.0,OK
2024-11-04 04:00:00,0.0,OK
2024-11-04 04:05:00,0.0,OK
2024-11-04 04:10:00,0.0,OK
2024-11-04 04:15:00,0.0,OK
2024-11-04 04:20:00,0.0,OK
2024-11-04 04:25:00,0.0,OK
2024-11-04 04:30:00,0.0,OK
2024-11-04 04:35:00,0.0,OK
2024-11-04 04:40:00,0.0,OK
2024-11-04 04:45:00,0.0,OK
2024-11-04 04:50:00,0.0,OK
2024-11-04 04:55:00,0.0,OK
2024-11-04 05:00:00,0.0,OK
2024-11-04 05:05:00,0.0,OK
2024-11-04 05:10:00,0.0,OK
2024-11-04 05:15:00,0.0,OK
2024-11-04 05:20:00,0.0,OK
2024-11-04 05:25:00,0.0,OK
2024-11-04 05:30:00,0.0,OK
2024-11-04 05:35:00,0.0,OK
2024-11-04 05:40:00,0.0,OK
2024-11-04 05:45:00,0.0,OK
2024-11-04 05:50:00,0.0,OK
2024-11-04 05:55:00,0.0,OK
2024-11-04 06:00:00,0.0,OK
2024-11-04 06:05:00,0.0,OK
2024-11-04 06:10:00,0.0,OK
2024-11-04 06:15:00,0.0,OK
2024-11-04 06:20:00,0.0,OK
2024-11-04 06:25:00,0.0,OK
2024-11-04 06:30:00,0.0,OK
2024-11-04 06:35:00,0.0,OK
2024-11-04 06:40:00,0.0,OK
2024-11-04 06:45:00,0.0,OK
2024-11-04 06:50:00,0.0,OK
2024-11-04 06:55:00,0.0,OK
2024-11-04 07:00:00,0.0,OK
2024-11-04 07:05:00,0.0,OK
2024-11-04 07:10:00,0.0,OK
2024-11-04 07:15:00,0.0,OK
2024-11-04 07:20:00,0.0,OK
2024-11-04 07:25:00,0.0,OK
2024-11-04 07:30:00,0.0,OK
2024-11-04 07:35:00,0.0,OK
2024-11-04 07:40:00,0.0,OK
2024-11-04 07:45:00,0.0,OK
2024-11-04 07:50:00,0.0,OK
2024-11-04 07:55:00,0.0,OK
2024-11-04 08:00:00,0.0,OK
2024-11-04 08:05:00,0.0,OK
2024-11-04 08:10:00,0.0,OK
2024-11-04 08:15:00,0.0,OK
2024-11-04 08:20:00,0.0,OK
2024-11-04 08:25:00,0.0,OK
2024-11-04 08:30:00,0.0,OK
2024-11-04 08:35:00,0.0,OK
2024-11-04 08:40:00,7908.07733293229,OK
2024-11-04 08:45:00,8000.0,OK
2024-11-04 08:50:00,7900.331154089531,OK
2024-11-04 08:55:00,0.0,OK
2024-11-04 09:00:00,0.0,OK
2024-11-04 09:05:00,0.0,OK
2024-11-04 09:10:00,0.0,OK
2024-11-04 09:15:00,0.0,OK
2024-11-04 09:20:00,0.0,OK
2024-11-04 09:25:00,0.0,OK
2024-11-04 09:30:00,0.0,OK
2024-11-04 09:35:00,0.0,OK
2024-11-04 09:40:00,0.0,OK
2024-11-04 09:45:00,7675.413914754923,OK
2024-11-04 09:50:00,7844.7004572502965,OK
2024-11-04 09:55:00,7508.727639720847,OK
2024-11-04 10:00:00,0.0,OK
2024-11-04 10:05:00,0.0,OK
2024-11-04 10:10:00,0.0,OK
2024-11-04 10:15:00,0.0,OK
2024-11-04 10:20:00,0.0,OK
2024-11-04 10:25:00,0.0,OK
2024-11-04 10:30:00,0.0,OK
2024-11-04 10:35:00,0.0,OK
2024-11-04 10:40:00,0.0,OK
2024-11-04 10:45:00,0.0,OK
2024-11-04 10:50:00,0.0,OK
2024-11-04 10:55:00,0.0,OK
2024-11-04 11:00:00,0.0,OK
2024-11-04 11:05:00,0.0,OK
2024-11-04 11:10:00,7286.935868348786,OK
2024-11-04 11:15:00,7074.566760414669,OK
2024-11-04 11:20:00,7127.763746856234,OK
2024-11-04 11:25:00,0.0,OK
2024-11-04 11:30:00,0.0,OK
2024-11-04 11:35:00,0.0,OK
2024-11-04 11:40:00,0.0,OK
2024-11-04 11:45:00,0.0,OK
2024-11-04 11:50:00,0.0,OK
2024-11-04 11:55:00,0.0,OK
2024-11-04 12:00:00,0.0,OK
2024-11-04 12:05:00,0.0,OK
2024-11-04 12:10:00,0.0,OK
2024-11-04 12:15:00,6861.721446623066,OK
2024-11-04 12:20:00,6937.054422545806,OK
2024-11-04 12:25:00,6800.607091915279,OK
2024-11-04 12:30:00,0.0,OK
2024-11-04 12:35:00,0.0,OK
2024-11-04 12:40:00,0.0,OK
2024-11-04 12:45:00,0.0,OK
2024-11-04 12:50:00,0.0,OK
2024-11-04 12:55:00,0.0,OK
2024-11-04 13:00:00,0.0,OK
2024-11-04 13:05:00,0.0,OK
2024-11-04 13:10:00,0.0,OK
2024-11-04 13:15:00,6419.164530255455,OK
2024-11-04 13:20:00,6572.598914879648,OK
2024-11-04 13:25:00,6123.314204250421,OK
2024-11-04 13:30:00,0.0,OK
2024-11-04 13:35:00,0.0,OK
2024-11-04 13:40:00,0.0,OK
2024-11-04 13:45:00,0.0,OK
2024-11-04 13:50:00,0.0,OK
2024-11-04 13:55:00,0.0,OK
2024-11-04 14:00:00,0.0,OK
2024-11-04 14:05:00,0.0,OK
2024-11-04 14:10:00,0.0,OK
2024-11-04 14:15:00,6136.829170735842,OK
2024-11-04 14:20:00,6101.668725007825,OK
2024-11-04 14:25:00,6121.4807594778495,OK
2024-11-04 14:30:00,0.0,OK
2024-11-04 14:35:00,0.0,OK
2024-11-04 14:40:00,0.0,OK
2024-11-04 14:45:00,0.0,OK
2024-11-04 14:50:00,0.0,OK
2024-11-04 14:55:00,0.0,OK
2024-11-04 15:00:00,0.0,OK
2024-11-04 15:05:00,0.0,OK
2024-11-04 15:10:00,0.0,OK
2024-11-04 15:15:00,0.0,OK
2024-11-04 15:20:00,5960.814379779966,OK
2024-11-04 15:25:00,5862.239325241776,OK
2024-11-04 15:30:00,5896.388619866596,OK
2024-11-04 15:35:00,0.0,OK
2024-11-04 15:40:00,0.0,OK
2024-11-04 15:45:00,0.0,OK
2024-11-04 15:50:00,0.0,OK
2024-11-04 15:55:00,0.0,OK
2024-11-04 16:00:00,0.0,OK
2024-11-04 16:05:00,0.0,OK
2024-11-04 16:10:00,0.0,OK
2024-11-04 16:15:00,0.0,OK
2024-11-04 16:20:00,0.0,OK
2024-11-04 16:25:00,0.0,OK
2024-11-04 16:30:00,0.0,OK
2024-11-04 16:35:00,0.0,OK
2024-11-04 16:40:00,0.0,OK
2024-11-04 16:45:00,0.0,OK
2024-11-04 16:50:00,0.0,OK
2024-11-04 16:55:00,0.0,OK
2024-11-04 17:00:00,0.0,OK
2024-11-04 17:05:00,0.0,OK
2024-11-04 17:10:00,0.0,OK
2024-11-04 17:15:00,0.0,OK
2024-11-04 17:20:00,0.0,OK
2024-11-04 17:25:00,0.0,OK
2024-11-04 17:30:00,0.0,OK
2024-11-04 17:35:00,0.0,OK
2024-11-04 17:40:00,0.0,OK
2024-11-04 17:45:00,0.0,OK
2024-11-04 17:50:00,0.0,OK
2024-11-04 17:55:00,0.0,OK
2024-11-04 18:00:00,0.0,OK
2024-11-04 18:05:00,0.0,OK
2024-11-04 18:10:00,0.0,OK
2024-11-04 18:15:00,0.0,OK
2024-11-04 18:20:00,0.0,OK
2024-11-04 18:25:00,0.0,OK
2024-11-04 18:30:00,0.0,OK
2024-11-04 18:35:00,0.0,OK
2024-11-04 18:40:00,0.0,OK
2024-11-04 18:45:00,0.0,OK
2024-11-04 18:50:00,0.0,OK
2024-11-04 18:55:00,0.0,OK
2024-11-04 19:00:00,0.0,OK
2024-11-04 19:05:00,0.0,OK
2024-11-04 19:10:00,0.0,OK
2024-11-04 19:15:00,0.0,OK
2024-11-04 19:20:00,0.0,OK
2024-11-04 19:25:00,0.0,OK
2024-11-04 19:30:00,0.0,OK
2024-11-04 19:35:00,0.0,OK
2024-11-04 19:40:00,0.0,OK
2024-11-04 19:45:00,0.0,OK
2024-11-04 19:50:00,0.0,OK
2024-11-04 19:55:00,0.0,OK
2024-11-04 20:00:00,0.0,OK
2024-11-04 20:05:00,0.0,OK
2024-11-04 20:10:00,0.0,OK
2024-11-04 20:15:00,0.0,OK
2024-11-04 20:20:00,0.0,OK
2024-11-04 20:25:00,0.0,OK
2024-11-04 20:30:00,0.0,OK
2024-11-04 20:35:00,0.0,OK
2024-11-04 20:40:00,0.0,OK
2024-11-04 20:45:00,0.0,OK
2024-11-04 20:50:00,0.0,OK
2024-11-04 20:55:00,0.0,OK
2024-11-04 21:00:00,0.0,OK
2024-11-04 21:05:00,0.0,OK
2024-11-04 21:10:00,0.0,OK
2024-11-04 21:15:00,0.0,OK
2024-11-04 21:20:00,0.0,OK
2024-11-04 21:25:00,0.0,OK
2024-11-04 21:30:00,0.0,OK
2024-11-04 21:35:00,0.0,OK
2024-11-04 21:40:00,0.0,OK
2024-11-04 21:45:00,0.0,OK
2024-11-04 21:50:00,0.0,OK
2024-11-04 21:55:00,0.0,OK
2024-11-04 22:00:00,0.0,OK
2024-11-04 22:05:00,0.0,OK
2024-11-04 22:10:00,0.0,OK
2024-11-04 22:15:00,0.0,OK
2024-11-04 22:20:00,0.0,OK
2024-11-04 22:25:00,5959.462020851485,OK
2024-11-04 22:30:00,6153.271843793598,OK
2024-11-04 22:35:00,6188.795243204105,OK
2024-11-04 22:40:00,0.0,OK
2024-11-04 22:45:00,0.0,OK
2024-11-04 22:50:00,0.0,OK
2024-11-04 22:55:00,0.0,OK
2024-11-04 23:00:00,0.0,OK
2024-11-04 23:05:00,0.0,OK
2024-11-04 23:10:00,0.0,OK
2024-11-04 23:15:00,0.0,OK
2024-11-04 23:20:00,0.0,OK
2024-11-04 23:25:00,6614.073834173277,OK
2024-11-04 23:30:00,6602.215012918484,OK
2024-11-04 23:35:00,6504.890721418439,OK
2024-11-04 23:40:00,0.0,OK
2024-11-04 23:45:00,0.0,OK
2024-11-04 23:50:00,0.0,OK
2024-11-04 23:55:00,0.0,OK
2024-11-05 00:00:00,0.0,OK
2024-11-05 00:05:00,0.0,OK
2024-11-05 00:10:00,0.0,OK
2024-11-05 00:15:00,0.0,OK
2024-11-05 00:20:00,0.0,OK
2024-11-05 00:25:00,0.0,OK
2024-11-05 00:30:00,0.0,OK
2024-11-05 00:35:00,0.0,OK
2024-11-05 00:40:00,6953.949257956621,OK
2024-11-05 00:45:00,7015.750197066899,OK
2024-11-05 00:50:00,7037.384397959732,OK
2024-11-05 00:55:00,0.0,OK
2024-11-05 01:00:00,0.0,OK
2024-11-05 01:05:00,0.0,OK
2024-11-05 01:10:00,0.0,OK
2024-11-05 01:15:00,0.0,OK
2024-11-05 01:20:00,0.0,OK
2024-11-05 01:25:00,0.0,OK
2024-11-05 01:30:00,0.0,OK
2024-11-05 01:35:00,7355.239376408057,OK
2024-11-05 01:40:00,7332.608832111139,OK
2024-11-05 01:45:00,7476.1960510256395,OK
2024-11-05 01:50:00,0.0,OK
2024-11-05 01:55:00,0.0,OK
2024-11-05 02:00:00,0.0,OK
2024-11-05 02:05:00,0.0,OK
2024-11-05 02:10:00,0.0,OK
2024-11-05 02:15:00,0.0,OK
2024-11-05 02:20:00,0.0,OK
2024-11-05 02:25:00,0.0,OK
2024-11-05 02:30:00,0.0,OK
2024-11-05 02:35:00,0.0,OK
2024-11-05 02:40:00,0.0,OK
2024-11-05 02:45:00,7738.8624587042,OK
2024-11-05 02:50:00,7897.033587506182,OK
2024-11-05 02:55:00,7834.01635187171,OK
2024-11-05 03:00:00,0.0,OK
2024-11-05 03:05:00,0.0,OK
2024-11-05 03:10:00,0.0,OK
2024-11-05 03:15:00,0.0,OK
2024-11-05 03:20:00,0.0,OK
2024-11-05 03:25:00,0.0,OK
2024-11-05 03:30:00,0.0,OK
2024-11-05 03:35:00,0.0,OK
2024-11-05 03:40:00,0.0,OK
2024-11-05 03:45:00,0.0,OK
2024-11-05 03:50:00,0.0,OK
2024-11-05 03:55:00,0.0,OK
2024-11-05 04:00:00,0.0,OK
2024-11-05 04:05:00,7925.103560314535,OK
2024-11-05 04:10:00,8000.0,OK
2024-11-05 04:15:00,8000.0,OK
2024-11-05 04:20:00,0.0,OK
2024-11-05 04:25:00,0.0,OK
2024-11-05 04:30:00,0.0,OK
2024-11-05 04:35:00,0.0,OK
2024-11-05 04:40:00,0.0,OK
2024-11-05 04:45:00,0.0,OK
2024-11-05 04:50:00,0.0,OK
2024-11-05 04:55:00,0.0,OK
2024-11-05 05:00:00,0.0,OK
2024-11-05 05:05:00,0.0,OK
2024-11-05 05:10:00,0.0,OK
2024-11-05 05:15:00,0.0,OK
2024-11-05 05:20:00,0.0,OK
2024-11-05 05:25:00,0.0,OK
2024-11-05 05:30:00,0.0,OK
2024-11-05 05:35:00,0.0,OK
2024-11-05 05:40:00,0.0,OK
2024-11-05 05:45:00,0.0,OK
2024-11-05 05:50:00,0.0,OK
2024-11-05 05:55:00,0.0,OK
2024-11-05 06:00:00,0.0,OK
2024-11-05 06:05:00,0.0,OK
2024-11-05 06:10:00,0.0,OK
2024-11-05 06:15:00,0.0,OK
2024-11-05 06:20:00,0.0,OK
2024-11-05 06:25:00,0.0,OK
2024-11-05 06:30:00,0.0,OK
2024-11-05 06:35:00,0.0,OK
2024-11-05 06:40:00,0.0,OK
2024-11-05 06:45:00,0.0,OK
2024-11-05 06:50:00,0.0,OK
2024-11-05 06:55:00,0.0,OK
2024-11-05 07:00:00,0.0,OK
2024-11-05 07:05:00,0.0,OK
2024-11-05 07:10:00,0.0,OK
2024-11-05 07:15:00,0.0,OK
2024-11-05 07:20:00,0.0,OK
2024-11-05 07:25:00,0.0,OK
2024-11-05 07:30:00,0.0,OK
2024-11-05 07:35:00,0.0,OK
2024-11-05 07:40:00,0.0,OK
2024-11-05 07:45:00,0.0,OK
2024-11-05 07:50:00,0.0,OK
2024-11-05 07:55:00,0.0,OK
2024-11-05 08:00:00,0.0,OK
2024-11-05 08:05:00,0.0,OK
2024-11-05 08:10:00,0.0,OK
2024-11-05 08:15:00,0.0,OK
2024-11-05 08:20:00,0.0,OK
2024-11-05 08:25:00,0.0,OK
2024-11-05 08:30:00,0.0,OK
2024-11-05 08:35:00,0.0,OK
2024-11-05 08:40:00,7800.658626545233,OK
2024-11-05 08:45:00,7905.240337501318,OK
2024-11-05 08:50:00,7981.334656113323,OK
2024-11-05 08:55:00,0.0,OK
2024-11-05 09:00:00,0.0,OK
2024-11-05 09:05:00,0.0,OK
2024-11-05 09:10:00,0.0,OK
2024-11-05 09:15:00,0.0,OK
2024-11-05 09:20:00,0.0,OK
2024-11-05 09:25:00,0.0,OK
2024-11-05 09:30:00,0.0,OK
2024-11-05 09:35:00,0.0,OK
2024-11-05 09:40:00,0.0,OK
2024-11-05 09:45:00,0.0,OK
2024-11-05 09:50:00,0.0,OK
2024-11-05 09:55:00,7329.335210999744,OK
2024-11-05 10:00:00,7422.708033003717,OK
2024-11-05 10:05:00,7516.993206904348,OK
2024-11-05 10:10:00,0.0,OK
2024-11-05 10:15:00,0.0,OK
2024-11-05 10:20:00,0.0,OK
2024-11-05 10:25:00,0.0,OK
2024-11-05 10:30:00,0.0,OK
2024-11-05 10:35:00,0.0,OK
2024-11-05 10:40:00,0.0,OK
2024-11-05 10:45:00,0.0,OK
2024-11-05 10:50:00,0.0,OK
2024-11-05 10:55:00,7315.667801826659,OK
2024-11-05 11:00:00,7167.448852083989,OK
2024-11-05 11:05:00,7077.706078607479,OK
2024-11-05 11:10:00,0.0,OK
2024-11-05 11:15:00,0.0,OK
2024-11-05 11:20:00,0.0,OK
2024-11-05 11:25:00,0.0,OK
2024-11-05 11:30:00,0.0,OK
2024-11-05 11:35:00,0.0,OK
2024-11-05 11:40:00,0.0,OK
2024-11-05 11:45:00,0.0,OK
2024-11-05 11:50:00,6967.540378505912,OK
2024-11-05 11:55:00,6863.261252123774,OK
2024-11-05 12:00:00,6763.433669904028,OK
2024-11-05 12:05:00,0.0,OK
2024-11-05 12:10:00,0.0,OK
2024-11-05 12:15:00,0.0,OK
2024-11-05 12:20:00,0.0,OK
2024-11-05 12:25:00,0.0,OK
2024-11-05 12:30:00,0.0,OK
2024-11-05 12:35:00,0.0,OK
2024-11-05 12:40:00,0.0,OK
2024-11-05 12:45:00,0.0,OK
2024-11-05 12:50:00,6584.843307829416,OK
2024-11-05 12:55:00,6613.819414846964,OK
2024-11-05 13:00:00,6670.35791524371,OK
2024-11-05 13:05:00,0.0,OK
2024-11-05 13:10:00,0.0,OK
2024-11-05 13:15:00,0.0,OK
2024-11-05 13:20:00,0.0,OK
2024-11-05 13:25:00,0.0,OK
2024-11-05 13:30:00,0.0,OK
2024-11-05 13:35:00,0.0,OK
2024-11-05 13:40:00,0.0,OK
2024-11-05 13:45:00,0.0,OK
2024-11-05 13:50:00,0.0,OK
2024-11-05 13:55:00,0.0,OK
2024-11-05 14:00:00,6328.658713235611,OK
2024-11-05 14:05:00,6435.813982666075,OK
2024-11-05 14:10:00,6144.357429907956,OK
2024-11-05 14:15:00,0.0,OK
2024-11-05 14:20:00,0.0,OK
2024-11-05 14:25:00,0.0,OK
2024-11-05 14:30:00,0.0,OK
2024-11-05 14:35:00,0.0,OK
2024-11-05 14:40:00,0.0,OK
2024-11-05 14:45:00,0.0,OK
2024-11-05 14:50:00,0.0,OK
2024-11-05 14:55:00,0.0,OK
2024-11-05 15:00:00,5956.809559532123,OK
2024-11-05 15:05:00,6002.537891696374,OK
2024-11-05 15:10:00,5972.7764763879295,OK
2024-11-05 15:15:00,0.0,OK
2024-11-05 15:20:00,0.0,OK
2024-11-05 15:25:00,0.0,OK
2024-11-05 15:30:00,0.0,OK
2024-11-05 15:35:00,0.0,OK
2024-11-05 15:40:00,0.0,OK
2024-11-05 15:45:00,0.0,OK
2024-11-05 15:50:00,0.0,OK
2024-11-05 15:55:00,0.0,OK
2024-11-05 16:00:00,0.0,OK
2024-11-05 16:05:00,0.0,OK
2024-11-05 16:10:00,0.0,OK
2024-11-05 16:15:00,0.0,OK
2024-11-05 16:20:00,0.0,OK
2024-11-05 16:25:00,0.0,OK
2024-11-05 16:30:00,0.0,OK
2024-11-05 16:35:00,0.0,OK
2024-11-05 16:40:00,0.0,OK
2024-11-05 16:45:00,0.0,OK
2024-11-05 16:50:00,0.0,OK
2024-11-05 16:55:00,0.0,OK
2024-11-05 17:00:00,0.0,OK
2024-11-05 17:05:00,0.0,OK
2024-11-05 17:10:00,0.0,OK
2024-11-05 17:15:00,0.0,OK
2024-11-05 17:20:00,0.0,OK
2024-11-05 17:25:00,0.0,OK
2024-11-05 17:30:00,0.0,OK
2024-11-05 17:35:00,0.0,OK
2024-11-05 17:40:00,0.0,OK
2024-11-05 17:45:00,0.0,OK
2024-11-05 17:50:00,0.0,OK
2024-11-05 17:55:00,0.0,OK
2024-11-05 18:00:00,0.0,OK
2024-11-05 18:05:00,0.0,OK
2024-11-05 18:10:00,0.0,OK
2024-11-05 18:15:00,0.0,OK
2024-11-05 18:20:00,0.0,OK
2024-11-05 18:25:00,0.0,OK
2024-11-05 18:30:00,0.0,OK
2024-11-05 18:35:00,0.0,OK
2024-11-05 18:40:00,0.0,OK
2024-11-05 18:45:00,0.0,OK
2024-11-05 18:50:00,0.0,OK
2024-11-05 18:55:00,0.0,OK
2024-11-05 19:00:00,0.0,OK
2024-11-05 19:05:00,0.0,OK
2024-11-05 19:10:00,0.0,OK
2024-11-05 19:15:00,0.0,OK
2024-11-05 19:20:00,0.0,OK
2024-11-05 19:25:00,0.0,OK
2024-11-05 19:30:00,0.0,OK
2024-11-05 19:35:00,0.0,OK
2024-11-05 19:40:00,0.0,OK
2024-11-05 19:45:00,0.0,OK
2024-11-05 19:50:00,0.0,OK
2024-11-05 19:55:00,0.0,OK
2024-11-05 20:00:00,0.0,OK
2024-11-05 20:05:00,0.0,OK
2024-11-05 20:10:00,0.0,OK
2024-11-05 20:15:00,0.0,OK
2024-11-05 20:20:00,0.0,OK
2024-11-05 20:25:00,0.0,OK
2024-11-05 20:30:00,0.0,OK
2024-11-05 20:35:00,0.0,OK
2024-11-05 20:40:00,0.0,OK
2024-11-05 20:45:00,0.0,OK
2024-11-05 20:50:00,0.0,OK
2024-11-05 20:55:00,0.0,OK
2024-11-05 21:00:00,0.0,OK
2024-11-05 21:05:00,0.0,OK
2024-11-05 21:10:00,0.0,OK
2024-11-05 21:15:00,0.0,OK
2024-11-05 21:20:00,0.0,OK
2024-11-05 21:25:00,0.0,OK
2024-11-05 21:30:00,0.0,OK
2024-11-05 21:35:00,0.0,OK
2024-11-05 21:40:00,0.0,OK
2024-11-05 21:45:00,0.0,OK
2024-11-05 21:50:00,6030.300844280529,OK
2024-11-05 21:55:00,6031.478812395506,OK
2024-11-05 22:00:00,6093.431134022725,OK
2024-11-05 22:05:00,0.0,OK
2024-11-05 22:10:00,0.0,OK
2024-11-05 22:15:00,0.0,OK
2024-11-05 22:20:00,0.0,OK
2024-11-05 22:25:00,0.0,OK
2024-11-05 22:30:00,0.0,OK
2024-11-05 22:35:00,0.0,OK
2024-11-05 22:40:00,0.0,OK
2024-11-05 22:45:00,0.0,OK
2024-11-05 22:50:00,0.0,OK
2024-11-05 22:55:00,0.0,OK
2024-11-05 23:00:00,0.0,OK
2024-11-05 23:05:00,0.0,OK
2024-11-05 23:10:00,0.0,OK
2024-11-05 23:15:00,0.0,OK
2024-11-05 23:20:00,6451.996757916305,OK
2024-11-05 23:25:00,6489.3864499065885,OK
2024-11-05 23:30:00,6544.2112341987995,OK
2024-11-05 23:35:00,0.0,OK
2024-11-05 23:40:00,0.0,OK
2024-11-05 23:45:00,0.0,OK
2024-11-05 23:50:00,0.0,OK
2024-11-05 23:55:00,0.0,OK
2024-11-06 00:00:00,0.0,OK
2024-11-06 00:05:00,0.0,OK
2024-11-06 00:10:00,0.0,OK
2024-11-06 00:15:00,0.0,OK
2024-11-06 00:20:00,0.0,OK
2024-11-06 00:25:00,0.0,OK
2024-11-06 00:30:00,6819.598489189697,OK
2024-11-06 00:35:00,6883.370920519937,OK
2024-11-06 00:40:00,6908.648238886808,OK
2024-11-06 00:45:00,0.0,OK
2024-11-06 00:50:00,0.0,OK
2024-11-06 00:55:00,0.0,OK
2024-11-06 01:00:00,0.0,OK
2024-11-06 01:05:00,0.0,OK
2024-11-06 01:10:00,0.0,OK
2024-11-06 01:15:00,0.0,OK
2024-11-06 01:20:00,0.0,OK
2024-11-06 01:25:00,0.0,OK
2024-11-06 01:30:00,0.0,OK
2024-11-06 01:35:00,0.0,OK
2024-11-06 01:40:00,0.0,OK
2024-11-06 01:45:00,0.0,OK
2024-11-06 01:50:00,0.0,OK
2024-11-06 01:55:00,0.0,OK
2024-11-06 02:00:00,0.0,OK
2024-11-06 02:05:00,0.0,OK
2024-11-06 02:10:00,0.0,OK
2024-11-06 02:15:00,0.0,OK
2024-11-06 02:20:00,0.0,OK
2024-11-06 02:25:00,7496.978924693688,OK
2024-11-06 02:30:00,7594.866227200185,OK
2024-11-06 02:35:00,7698.690432433448,OK
2024-11-06 02:40:00,0.0,OK
2024-11-06 02:45:00,0.0,OK
2024-11-06 02:50:00,0.0,OK
2024-11-06 02:55:00,0.0,OK
2024-11-06 03:00:00,0.0,OK
2024-11-06 03:05:00,0.0,OK
2024-11-06 03:10:00,0.0,OK
2024-11-06 03:15:00,0.0,OK
2024-11-06 03:20:00,7740.334234502842,OK
2024-11-06 03:25:00,7751.188837195959,OK
2024-11-06 03:30:00,7842.376855196845,OK
2024-11-06 03:35:00,0.0,OK
2024-11-06 03:40:00,0.0,OK
2024-11-06 03:45:00,0.0,OK
2024-11-06 03:50:00,0.0,OK
2024-11-06 03:55:00,0.0,OK
2024-11-06 04:00:00,0.0,OK
2024-11-06 04:05:00,0.0,OK
2024-11-06 04:10:00,0.0,OK
2024-11-06 04:15:00,0.0,OK
2024-11-06 04:20:00,0.0,OK
2024-11-06 04:25:00,0.0,OK
2024-11-06 04:30:00,0.0,OK
2024-11-06 04:35:00,0.0,OK
2024-11-06 04:40:00,0.0,OK
2024-11-06 04:45:00,0.0,OK
2024-11-06 04:50:00,0.0,OK
2024-11-06 04:55:00,0.0,OK
2024-11-06 05:00:00,0.0,OK
2024-11-06 05:05:00,0.0,OK
2024-11-06 05:10:00,0.0,OK
2024-11-06 05:15:00,0.0,OK
2024-11-06 05:20:00,0.0,OK
2024-11-06 05:25:00,0.0,OK
2024-11-06 05:30:00,0.0,OK
2024-11-06 05:35:00,0.0,OK
2024-11-06 05:40:00,0.0,OK
2024-11-06 05:45:00,0.0,OK
2024-11-06 05:50:00,0.0,OK
2024-11-06 05:55:00,0.0,OK
2024-11-06 06:00:00,0.0,OK
2024-11-06 06:05:00,0.0,OK
2024-11-06 06:10:00,0.0,OK
2024-11-06 06:15:00,0.0,OK
2024-11-06 06:20:00,0.0,OK
2024-11-06 06:25:00,0.0,OK
2024-11-06 06:30:00,0.0,OK
2024-11-06 06:35:00,0.0,OK
2024-11-06 06:40:00,0.0,OK
2024-11-06 06:45:00,0.0,OK
2024-11-06 06:50:00,0.0,OK
2024-11-06 06:55:00,0.0,OK
2024-11-06 07:00:00,0.0,OK
2024-11-06 07:05:00,0.0,OK
2024-11-06 07:10:00,0.0,OK
2024-11-06 07:15:00,0.0,OK
2024-11-06 07:20:00,0.0,OK
2024-11-06 07:25:00,0.0,OK
2024-11-06 07:30:00,8000.0,OK
2024-11-06 07:35:00,8000.0,OK
2024-11-06 07:40:00,8000.0,OK
2024-11-06 07:45:00,0.0,OK
2024-11-06 07:50:00,0.0,OK
2024-11-06 07:55:00,0.0,OK
2024-11-06 08:00:00,0.0,OK
2024-11-06 08:05:00,0.0,OK
2024-11-06 08:10:00,0.0,OK
2024-11-06 08:15:00,0.0,OK
2024-11-06 08:20:00,0.0,OK
2024-11-06 08:25:00,0.0,OK
2024-11-06 08:30:00,0.0,OK
2024-11-06 08:35:00,0.0,OK
2024-11-06 08:40:00,0.0,OK
2024-11-06 08:45:00,0.0,OK
2024-11-06 08:50:00,0.0,OK
2024-11-06 08:55:00,0.0,OK
2024-11-06 09:00:00,0.0,OK
2024-11-06 09:05:00,0.0,OK
2024-11-06 09:10:00,0.0,OK
2024-11-06 09:15:00,8000.0,OK
2024-11-06 09:20:00,7758.162085511898,OK
2024-11-06 09:25:00,7756.569914617738,OK
2024-11-06 09:30:00,0.0,OK
2024-11-06 09:35:00,0.0,OK
2024-11-06 09:40:00,0.0,OK
2024-11-06 09:45:00,0.0,OK
2024-11-06 09:50:00,0.0,OK
2024-11-06 09:55:00,0.0,OK
2024-11-06 10:00:00,0.0,OK
2024-11-06 10:05:00,0.0,OK
2024-11-06 10:10:00,7609.592870336984,OK
2024-11-06 10:15:00,7705.38898791501,OK
2024-11-06 10:20:00,7576.2738704715475,OK
2024-11-06 10:25:00,0.0,OK
2024-11-06 10:30:00,0.0,OK
2024-11-06 10:35:00,0.0,OK
2024-11-06 10:40:00,0.0,OK
2024-11-06 10:45:00,0.0,OK
2024-11-06 10:50:00,0.0,OK
2024-11-06 10:55:00,0.0,OK
2024-11-06 11:00:00,0.0,OK
2024-11-06 11:05:00,7324.0916567129725,OK
2024-11-06 11:10:00,7300.190600530969,OK
2024-11-06 11:15:00,7094.744075495785,OK
2024-11-06 11:20:00,0.0,OK
2024-11-06 11:25:00,0.0,OK
2024-11-06 11:30:00,0.0,OK
2024-11-06 11:35:00,0.0,OK
2024-11-06 11:40:00,0.0,OK
2024-11-06 11:45:00,0.0,OK
2024-11-06 11:50:00,0.0,OK
2024-11-06 11:55:00,0.0,OK
2024-11-06 12:00:00,0.0,OK
2024-11-06 12:05:00,0.0,OK
2024-11-06 12:10:00,7087.745795057741,OK
2024-11-06 12:15:00,7072.208350921563,OK
2024-11-06 12:20:00,6770.766220394924,OK
2024-11-06 12:25:00,0.0,OK
2024-11-06 12:30:00,0.0,OK
2024-11-06 12:35:00,0.0,OK
2024-11-06 12:40:00,0.0,OK
2024-11-06 12:45:00,0.0,OK
2024-11-06 12:50:00,0.0,OK
2024-11-06 12:55:00,0.0,OK
2024-11-06 13:00:00,0.0,OK
2024-11-06 13:05:00,0.0,OK
2024-11-06 13:10:00,0.0,OK
2024-11-06 13:15:00,0.0,OK
2024-11-06 13:20:00,0.0,OK
2024-11-06 13:25:00,0.0,OK
2024-11-06 13:30:00,0.0,OK
2024-11-06 13:35:00,6577.329618875039,OK
2024-11-06 13:40:00,6572.4884888092165,OK
2024-11-06 13:45:00,6594.34144406139,OK
2024-11-06 13:50:00,0.0,OK
2024-11-06 13:55:00,0.0,OK
2024-11-06 14:00:00,0.0,OK
2024-11-06 14:05:00,0.0,OK
2024-11-06 14:10:00,0.0,OK
2024-11-06 14:15:00,0.0,OK
2024-11-06 14:20:00,0.0,OK
2024-11-06 14:25:00,0.0,OK
2024-11-06 14:30:00,0.0,OK
2024-11-06 14:35:00,0.0,OK
2024-11-06 14:40:00,0.0,OK
2024-11-06 14:45:00,0.0,OK
2024-11-06 14:50:00,0.0,OK
2024-11-06 14:55:00,0.0,OK
2024-11-06 15:00:00,0.0,OK
2024-11-06 15:05:00,0.0,OK
2024-11-06 15:10:00,0.0,OK
2024-11-06 15:15:00,0.0,OK
2024-11-06 15:20:00,6080.035106596483,OK
2024-11-06 15:25:00,5798.779219009559,OK
2024-11-06 15:30:00,5910.090731718007,OK
2024-11-06 15:35:00,0.0,OK
2024-11-06 15:40:00,0.0,OK
2024-11-06 15:45:00,0.0,OK
2024-11-06 15:50:00,0.0,OK
2024-11-06 15:55:00,0.0,OK
2024-11-06 16:00:00,0.0,OK
2024-11-06 16:05:00,0.0,OK
2024-11-06 16:10:00,0.0,OK
2024-11-06 16:15:00,0.0,OK
2024-11-06 16:20:00,0.0,OK
2024-11-06 16:25:00,0.0,OK
2024-11-06 16:30:00,0.0,OK
2024-11-06 16:35:00,0.0,OK
2024-11-06 16:40:00,0.0,OK
2024-11-06 16:45:00,0.0,OK
2024-11-06 16:50:00,0.0,OK
2024-11-06 16:55:00,0.0,OK
2024-11-06 17:00:00,0.0,OK
2024-11-06 17:05:00,0.0,OK
2024-11-06 17:10:00,0.0,OK
2024-11-06 17:15:00,0.0,OK
2024-11-06 17:20:00,0.0,OK
2024-11-06 17:25:00,0.0,OK
2024-11-06 17:30:00,0.0,OK
2024-11-06 17:35:00,0.0,OK
2024-11-06 17:40:00,0.0,OK
2024-11-06 17:45:00,0.0,OK
2024-11-06 17:50:00,0.0,OK
2024-11-06 17:55:00,0.0,OK
2024-11-06 18:00:00,0.0,OK
2024-11-06 18:05:00,0.0,OK
2024-11-06 18:10:00,0.0,OK
2024-11-06 18:15:00,0.0,OK
2024-11-06 18:20:00,0.0,OK
2024-11-06 18:25:00,0.0,OK
2024-11-06 18:30:00,0.0,OK
2024-11-06 18:35:00,0.0,OK
2024-11-06 18:40:00,0.0,OK
2024-11-06 18:45:00,0.0,OK
2024-11-06 18:50:00,0.0,OK
2024-11-06 18:55:00,0.0,OK
2024-11-06 19:00:00,0.0,OK
2024-11-06 19:05:00,0.0,OK
2024-11-06 19:10:00,0.0,OK
2024-11-06 19:15:00,0.0,OK
2024-11-06 19:20:00,0.0,OK
2024-11-06 19:25:00,0.0,OK
2024-11-06 19:30:00,0.0,OK
2024-11-06 19:35:00,0.0,OK
2024-11-06 19:40:00,0.0,OK
2024-11-06 19:45:00,0.0,OK
2024-11-06 19:50:00,0.0,OK
2024-11-06 19:55:00,6042.766914849613,OK
2024-11-06 20:00:00,5884.04397320805,OK
2024-11-06 20:05:00,6061.902943555364,OK
2024-11-06 20:10:00,0.0,OK
2024-11-06 20:15:00,0.0,OK
2024-11-06 20:20:00,0.0,OK
2024-11-06 20:25:00,0.0,OK
2024-11-06 20:30:00,0.0,OK
2024-11-06 20:35:00,0.0,OK
2024-11-06 20:40:00,0.0,OK
2024-11-06 20:45:00,0.0,OK
2024-11-06 20:50:00,0.0,OK
2024-11-06 20:55:00,0.0,OK
2024-11-06 21:00:00,6196.391664655981,OK
2024-11-06 21:05:00,6213.8864892458405,OK
2024-11-06 21:10:00,6193.925900351724,OK
2024-11-06 21:15:00,0.0,OK
2024-11-06 21:20:00,0.0,OK
2024-11-06 21:25:00,0.0,OK
2024-11-06 21:30:00,0.0,OK
2024-11-06 21:35:00,0.0,OK
2024-11-06 21:40:00,0.0,OK
2024-11-06 21:45:00,0.0,OK
2024-11-06 21:50:00,0.0,OK
2024-11-06 21:55:00,0.0,OK
2024-11-06 22:00:00,0.0,OK
2024-11-06 22:05:00,0.0,OK
2024-11-06 22:10:00,0.0,OK
2024-11-06 22:15:00,6486.184454245871,OK
2024-11-06 22:20:00,6832.262851215997,OK
2024-11-06 22:25:00,6731.497780005873,OK
2024-11-06 22:30:00,0.0,OK
2024-11-06 22:35:00,0.0,OK
2024-11-06 22:40:00,0.0,OK
2024-11-06 22:45:00,0.0,OK
2024-11-06 22:50:00,0.0,OK
2024-11-06 22:55:00,0.0,OK
2024-11-06 23:00:00,0.0,OK
2024-11-06 23:05:00,0.0,OK
2024-11-06 23:10:00,0.0,OK
2024-11-06 23:15:00,0.0,OK
2024-11-06 23:20:00,6991.7114752937405,OK
2024-11-06 23:25:00,7119.204876361676,OK
2024-11-06 23:30:00,7170.90472836218,OK
2024-11-06 23:35:00,0.0,OK
2024-11-06 23:40:00,0.0,OK
2024-11-06 23:45:00,0.0,OK
2024-11-06 23:50:00,0.0,OK
2024-11-06 23:55:00,0.0,OK
2024-11-07 00:00:00,0.0,OK
2024-11-07 00:05:00,0.0,OK
2024-11-07 00:10:00,0.0,OK
2024-11-07 00:15:00,0.0,OK
2024-11-07 00:20:00,0.0,OK
2024-11-07 00:25:00,0.0,OK
2024-11-07 00:30:00,0.0,OK
2024-11-07 00:35:00,7374.048842180585,OK
2024-11-07 00:40:00,7897.16144430763,OK
2024-11-07 00:45:00,7740.038739315287,OK
2024-11-07 00:50:00,0.0,OK
2024-11-07 00:55:00,0.0,OK
2024-11-07 01:00:00,0.0,OK
2024-11-07 01:05:00,0.0,OK
2024-11-07 01:10:00,0.0,OK
2024-11-07 01:15:00,0.0,OK
2024-11-07 01:20:00,0.0,OK
2024-11-07 01:25:00,0.0,OK
2024-11-07 01:30:00,0.0,OK
2024-11-07 01:35:00,0.0,OK
2024-11-07 01:40:00,0.0,OK
2024-11-07 01:45:00,0.0,OK
2024-11-07 01:50:00,0.0,OK
2024-11-07 01:55:00,0.0,OK
2024-11-07 02:00:00,0.0,OK
2024-11-07 02:05:00,0.0,OK
2024-11-07 02:10:00,0.0,OK
2024-11-07 02:15:00,0.0,OK
2024-11-07 02:20:00,0.0,OK
2024-11-07 02:25:00,0.0,OK
2024-11-07 02:30:00,0.0,OK
2024-11-07 02:35:00,0.0,OK
2024-11-07 02:40:00,0.0,OK
2024-11-07 02:45:00,0.0,OK
2024-11-07 02:50:00,0.0,OK
2024-11-07 02:55:00,0.0,OK
2024-11-07 03:00:00,0.0,OK
2024-11-07 03:05:00,0.0,OK
2024-11-07 03:10:00,0.0,OK
2024-11-07 03:15:00,0.0,OK
2024-11-07 03:20:00,0.0,OK
2024-11-07 03:25:00,0.0,OK
2024-11-07 03:30:00,0.0,OK
2024-11-07 03:35:00,0.0,OK
2024-11-07 03:40:00,0.0,OK
2024-11-07 03:45:00,0.0,OK
2024-11-07 03:50:00,0.0,OK
2024-11-07 03:55:00,0.0,OK
2024-11-07 04:00:00,0.0,OK
2024-11-07 04:05:00,0.0,OK
2024-11-07 04:10:00,0.0,OK
2024-11-07 04:15:00,0.0,OK
2024-11-07 04:20:00,0.0,OK
2024-11-07 04:25:00,0.0,OK
2024-11-07 04:30:00,0.0,OK
2024-11-07 04:35:00,0.0,OK
2024-11-07 04:40:00,0.0,OK
2024-11-07 04:45:00,0.0,OK
2024-11-07 04:50:00,0.0,OK
2024-11-07 04:55:00,0.0,OK
2024-11-07 05:00:00,0.0,OK
2024-11-07 05:05:00,0.0,OK
2024-11-07 05:10:00,0.0,OK
2024-11-07 05:15:00,0.0,OK
2024-11-07 05:20:00,0.0,OK
2024-11-07 05:25:00,0.0,OK
2024-11-07 05:30:00,0.0,OK
2024-11-07 05:35:00,0.0,OK
2024-11-07 05:40:00,0.0,OK
2024-11-07 05:45:00,0.0,OK
2024-11-07 05:50:00,0.0,OK
2024-11-07 05:55:00,0.0,OK
2024-11-07 06:00:00,0.0,OK
2024-11-07 06:05:00,0.0,OK
2024-11-07 06:10:00,0.0,OK
2024-11-07 06:15:00,0.0,OK
2024-11-07 06:20:00,0.0,OK
2024-11-07 06:25:00,0.0,OK
2024-11-07 06:30:00,0.0,OK
2024-11-07 06:35:00,0.0,OK
2024-11-07 06:40:00,0.0,OK
2024-11-07 06:45:00,0.0,OK
2024-11-07 06:50:00,0.0,OK
2024-11-07 06:55:00,0.0,OK
2024-11-07 07:00:00,0.0,OK
2024-11-07 07:05:00,0.0,OK
2024-11-07 07:10:00,0.0,OK
2024-11-07 07:15:00,0.0,OK
2024-11-07 07:20:00,0.0,OK
2024-11-07 07:25:00,0.0,OK
2024-11-07 07:30:00,0.0,OK
2024-11-07 07:35:00,0.0,OK
2024-11-07 07:40:00,0.0,OK
2024-11-07 07:45:00,0.0,OK
2024-11-07 07:50:00,0.0,OK
2024-11-07 07:55:00,0.0,OK
2024-11-07 08:00:00,0.0,OK
2024-11-07 08:05:00,0.0,OK
2024-11-07 08:10:00,0.0,OK
2024-11-07 08:15:00,0.0,OK
2024-11-07 08:20:00,0.0,OK
2024-11-07 08:25:00,0.0,OK
2024-11-07 08:30:00,0.0,OK
2024-11-07 08:35:00,0.0,OK
2024-11-07 08:40:00,0.0,OK
2024-11-07 08:45:00,0.0,OK
2024-11-07 08:50:00,0.0,OK
2024-11-07 08:55:00,0.0,OK
2024-11-07 09:00:00,0.0,OK
2024-11-07 09:05:00,0.0,OK
2024-11-07 09:10:00,0.0,OK
2024-11-07 09:15:00,0.0,OK
2024-11-07 09:20:00,0.0,OK
2024-11-07 09:25:00,0.0,OK
2024-11-07 09:30:00,0.0,OK
2024-11-07 09:35:00,0.0,OK
2024-11-07 09:40:00,0.0,OK
2024-11-07 09:45:00,0.0,OK
2024-11-07 09:50:00,0.0,OK
2024-11-07 09:55:00,0.0,OK
2024-11-07 10:00:00,0.0,OK
2024-11-07 10:05:00,0.0,OK
2024-11-07 10:10:00,0.0,OK
2024-11-07 10:15:00,0.0,OK
2024-11-07 10:20:00,7873.758360637142,OK
2024-11-07 10:25:00,8000.0,OK
2024-11-07 10:30:00,8000.0,OK
2024-11-07 10:35:00,0.0,OK
2024-11-07 10:40:00,0.0,OK
2024-11-07 10:45:00,0.0,OK
2024-11-07 10:50:00,0.0,OK
2024-11-07 10:55:00,0.0,OK
2024-11-07 11:00:00,0.0,OK
2024-11-07 11:05:00,0.0,OK
2024-11-07 11:10:00,0.0,OK
2024-11-07 11:15:00,0.0,OK
2024-11-07 11:20:00,0.0,OK
2024-11-07 11:25:00,0.0,OK
2024-11-07 11:30:00,0.0,OK
2024-11-07 11:35:00,0.0,OK
2024-11-07 11:40:00,0.0,OK
2024-11-07 11:45:00,0.0,OK
2024-11-07 11:50:00,7409.072407576938,OK
2024-11-07 11:55:00,7452.60139291634,OK
2024-11-07 12:00:00,7405.605414571011,OK
2024-11-07 12:05:00,0.0,OK
2024-11-07 12:10:00,0.0,OK
2024-11-07 12:15:00,0.0,OK
2024-11-07 12:20:00,0.0,OK
2024-11-07 12:25:00,0.0,OK
2024-11-07 12:30:00,0.0,OK
2024-11-07 12:35:00,0.0,OK
2024-11-07 12:40:00,0.0,OK
2024-11-07 12:45:00,6874.196517252889,OK
2024-11-07 12:50:00,7120.253387296667,OK
2024-11-07 12:55:00,6951.220009660541,OK
2024-11-07 13:00:00,0.0,OK
2024-11-07 13:05:00,0.0,OK
2024-11-07 13:10:00,0.0,OK
2024-11-07 13:15:00,0.0,OK
2024-11-07 13:20:00,0.0,OK
2024-11-07 13:25:00,0.0,OK
2024-11-07 13:30:00,0.0,OK
2024-11-07 13:35:00,0.0,OK
2024-11-07 13:40:00,0.0,OK
2024-11-07 13:45:00,0.0,OK
2024-11-07 13:50:00,0.0,OK
2024-11-07 13:55:00,0.0,OK
2024-11-07 14:00:00,0.0,OK
2024-11-07 14:05:00,0.0,OK
2024-11-07 14:10:00,0.0,OK
2024-11-07 14:15:00,0.0,OK
2024-11-07 14:20:00,0.0,OK
2024-11-07 14:25:00,6655.242229928433,OK
2024-11-07 14:30:00,6837.858959121293,OK
2024-11-07 14:35:00,6693.416034112809,OK
2024-11-07 14:40:00,0.0,OK
2024-11-07 14:45:00,0.0,OK
2024-11-07 14:50:00,0.0,OK
2024-11-07 14:55:00,0.0,OK
2024-11-07 15:00:00,0.0,OK
2024-11-07 15:05:00,0.0,OK
2024-11-07 15:10:00,0.0,OK
2024-11-07 15:15:00,0.0,OK
2024-11-07 15:20:00,6450.327889396673,OK
2024-11-07 15:25:00,6568.515711917627,OK
2024-11-07 15:30:00,6398.345618883955,OK
2024-11-07 15:35:00,0.0,OK
2024-11-07 15:40:00,0.0,OK
2024-11-07 15:45:00,0.0,OK
2024-11-07 15:50:00,0.0,OK
2024-11-07 15:55:00,0.0,OK
2024-11-07 16:00:00,0.0,OK
2024-11-07 16:05:00,0.0,OK
2024-11-07 16:10:00,0.0,OK
2024-11-07 16:15:00,0.0,OK
2024-11-07 16:20:00,0.0,OK
2024-11-07 16:25:00,0.0,OK
2024-11-07 16:30:00,0.0,OK
2024-11-07 16:35:00,0.0,OK
2024-11-07 16:40:00,0.0,OK
2024-11-07 16:45:00,0.0,OK
2024-11-07 16:50:00,0.0,OK
2024-11-07 16:55:00,0.0,OK
2024-11-07 17:00:00,0.0,OK
2024-11-07 17:05:00,6405.732180821572,OK
2024-11-07 17:10:00,6399.269568060375,OK
2024-11-07 17:15:00,6630.195161597524,OK
2024-11-07 17:20:00,0.0,OK
2024-11-07 17:25:00,0.0,OK
2024-11-07 17:30:00,0.0,OK
2024-11-07 17:35:00,0.0,OK
2024-11-07 17:40:00,0.0,OK
2024-11-07 17:45:00,0.0,OK
2024-11-07 17:50:00,0.0,OK
2024-11-07 17:55:00,0.0,OK
2024-11-07 18:00:00,0.0,OK
2024-11-07 18:05:00,0.0,OK
2024-11-07 18:10:00,6575.940485051127,OK
2024-11-07 18:15:00,6571.072893921964,OK
2024-11-07 18:20:00,6427.355792061774,OK
2024-11-07 18:25:00,0.0,OK
2024-11-07 18:30:00,0.0,OK
2024-11-07 18:35:00,0.0,OK
2024-11-07 18:40:00,0.0,OK
2024-11-07 18:45:00,0.0,OK
2024-11-07 18:50:00,0.0,OK
2024-11-07 18:55:00,0.0,OK
2024-11-07 19:00:00,0.0,OK
2024-11-07 19:05:00,6734.914871503359,OK
2024-11-07 19:10:00,6515.146212297442,OK
2024-11-07 19:15:00,6617.853381796605,OK
2024-11-07 19:20:00,0.0,OK
2024-11-07 19:25:00,0.0,OK
2024-11-07 19:30:00,0.0,OK
2024-11-07 19:35:00,0.0,OK
2024-11-07 19:40:00,0.0,OK
2024-11-07 19:45:00,0.0,OK
2024-11-07 19:50:00,0.0,OK
2024-11-07 19:55:00,0.0,OK
2024-11-07 20:00:00,0.0,OK
2024-11-07 20:05:00,0.0,OK
2024-11-07 20:10:00,0.0,OK
2024-11-07 20:15:00,0.0,OK
2024-11-07 20:20:00,0.0,OK
2024-11-07 20:25:00,0.0,OK
2024-11-07 20:30:00,6903.055406644833,OK
2024-11-07 20:35:00,6755.858316380313,OK
2024-11-07 20:40:00,7088.79477265966,OK
2024-11-07 20:45:00,0.0,OK
2024-11-07 20:50:00,0.0,OK
2024-11-07 20:55:00,0.0,OK
2024-11-07 21:00:00,0.0,OK
2024-11-07 21:05:00,0.0,OK
2024-11-07 21:10:00,0.0,OK
2024-11-07 21:15:00,0.0,OK
2024-11-07 21:20:00,0.0,OK
2024-11-07 21:25:00,0.0,OK
2024-11-07 21:30:00,7228.585421747626,OK
2024-11-07 21:35:00,7206.211434107594,OK
2024-11-07 21:40:00,6983.390501754887,OK
2024-11-07 21:45:00,0.0,OK
2024-11-07 21:50:00,0.0,OK
2024-11-07 21:55:00,0.0,OK
2024-11-07 22:00:00,0.0,OK
2024-11-07 22:05:00,0.0,OK
2024-11-07 22:10:00,0.0,OK
2024-11-07 22:15:00,0.0,OK
2024-11-07 22:20:00,0.0,OK
2024-11-07 22:25:00,0.0,OK
2024-11-07 22:30:00,0.0,OK
2024-11-07 22:35:00,0.0,OK
2024-11-07 22:40:00,0.0,OK
2024-11-07 22:45:00,0.0,OK
2024-11-07 22:50:00,0.0,OK
2024-11-07 22:55:00,0.0,OK
2024-11-07 23:00:00,7568.1959636063,OK
2024-11-07 23:05:00,7660.148295250396,OK
2024-11-07 23:10:00,7630.231151844715,OK
2024-11-07 23:15:00,0.0,OK
2024-11-07 23:20:00,0.0,OK
2024-11-07 23:25:00,0.0,OK
2024-11-07 23:30:00,0.0,OK
2024-11-07 23:35:00,0.0,OK
2024-11-07 23:40:00,0.0,OK
2024-11-07 23:45:00,0.0,OK
2024-11-07 23:50:00,0.0,OK
2024-11-07 23:55:00,0.0,OK
2024-11-08 00:00:00,7820.237185252825,OK
2024-11-08 00:05:00,7794.145947933209,OK
2024-11-08 00:10:00,7912.987203004509,OK
2024-11-08 00:15:00,0.0,OK
2024-11-08 00:20:00,0.0,OK
2024-11-08 00:25:00,0.0,OK
2024-11-08 00:30:00,0.0,OK
2024-11-08 00:35:00,0.0,OK
2024-11-08 00:40:00,0.0,OK
2024-11-08 00:45:00,0.0,OK
2024-11-08 00:50:00,0.0,OK
2024-11-08 00:55:00,0.0,OK
2024-11-08 01:00:00,0.0,OK
2024-11-08 01:05:00,0.0,OK
2024-11-08 01:10:00,0.0,OK
2024-11-08 01:15:00,0.0,OK
2024-11-08 01:20:00,0.0,OK
2024-11-08 01:25:00,0.0,OK
2024-11-08 01:30:00,0.0,OK
2024-11-08 01:35:00,0.0,OK
2024-11-08 01:40:00,0.0,OK
2024-11-08 01:45:00,0.0,OK
2024-11-08 01:50:00,0.0,OK
2024-11-08 01:55:00,0.0,OK
2024-11-08 02:00:00,0.0,OK
2024-11-08 02:05:00,0.0,OK
2024-11-08 02:10:00,0.0,OK
2024-11-08 02:15:00,0.0,OK
2024-11-08 02:20:00,0.0,OK
2024-11-08 02:25:00,0.0,OK
2024-11-08 02:30:00,0.0,OK
2024-11-08 02:35:00,0.0,OK
2024-11-08 02:40:00,0.0,OK
2024-11-08 02:45:00,0.0,OK
2024-11-08 02:50:00,0.0,OK
2024-11-08 02:55:00,0.0,OK
2024-11-08 03:00:00,0.0,OK
2024-11-08 03:05:00,0.0,OK
2024-11-08 03:10:00,0.0,OK
2024-11-08 03:15:00,0.0,OK
2024-11-08 03:20:00,0.0,OK
2024-11-08 03:25:00,0.0,OK
2024-11-08 03:30:00,0.0,OK
2024-11-08 03:35:00,0.0,OK
2024-11-08 03:40:00,0.0,OK
2024-11-08 03:45:00,0.0,OK
2024-11-08 03:50:00,0.0,OK
2024-11-08 03:55:00,0.0,OK
2024-11-08 04:00:00,0.0,OK
2024-11-08 04:05:00,0.0,OK
2024-11-08 04:10:00,0.0,OK
2024-11-08 04:15:00,0.0,OK
2024-11-08 04:20:00,0.0,OK
2024-11-08 04:25:00,0.0,OK
2024-11-08 04:30:00,0.0,OK
2024-11-08 04:35:00,0.0,OK
2024-11-08 04:40:00,0.0,OK
2024-11-08 04:45:00,0.0,OK
2024-11-08 04:50:00,0.0,OK
2024-11-08 04:55:00,0.0,OK
2024-11-08 05:00:00,0.0,OK
2024-11-08 05:05:00,0.0,OK
2024-11-08 05:10:00,0.0,OK
2024-11-08 05:15:00,0.0,OK
2024-11-08 05:20:00,0.0,OK
2024-11-08 05:25:00,0.0,OK
2024-11-08 05:30:00,0.0,OK
2024-11-08 05:35:00,0.0,OK
2024-11-08 05:40:00,0.0,OK
2024-11-08 05:45:00,0.0,OK
2024-11-08 05:50:00,0.0,OK
2024-11-08 05:55:00,0.0,OK
2024-11-08 06:00:00,0.0,OK
2024-11-08 06:05:00,0.0,OK
2024-11-08 06:10:00,0.0,OK
2024-11-08 06:15:00,0.0,OK
2024-11-08 06:20:00,0.0,OK
2024-11-08 06:25:00,0.0,OK
2024-11-08 06:30:00,0.0,OK
2024-11-08 06:35:00,0.0,OK
2024-11-08 06:40:00,0.0,OK
2024-11-08 06:45:00,0.0,OK
2024-11-08 06:50:00,0.0,OK
2024-11-08 06:55:00,0.0,OK
2024-11-08 07:00:00,0.0,OK
2024-11-08 07:05:00,0.0,OK
2024-11-08 07:10:00,0.0,OK
2024-11-08 07:15:00,0.0,OK
2024-11-08 07:20:00,0.0,OK
2024-11-08 07:25:00,0.0,OK
2024-11-08 07:30:00,0.0,OK
2024-11-08 07:35:00,0.0,OK
2024-11-08 07:40:00,0.0,OK
2024-11-08 07:45:00,0.0,OK
2024-11-08 07:50:00,0.0,OK
2024-11-08 07:55:00,0.0,OK
2024-11-08 08:00:00,0.0,OK
2024-11-08 08:05:00,0.0,OK
2024-11-08 08:10:00,0.0,OK
2024-11-08 08:15:00,0.0,OK
2024-11-08 08:20:00,0.0,OK
2024-11-08 08:25:00,0.0,OK
2024-11-08 08:30:00,0.0,OK
2024-11-08 08:35:00,0.0,OK
2024-11-08 08:40:00,0.0,OK
2024-11-08 08:45:00,0.0,OK
2024-11-08 08:50:00,0.0,OK
2024-11-08 08:55:00,0.0,OK
2024-11-08 09:00:00,0.0,OK
2024-11-08 09:05:00,0.0,OK
2024-11-08 09:10:00,0.0,OK
2024-11-08 09:15:00,0.0,OK
2024-11-08 09:20:00,0.0,OK
2024-11-08 09:25:00,0.0,OK
2024-11-08 09:30:00,0.0,OK
2024-11-08 09:35:00,0.0,OK
2024-11-08 09:40:00,0.0,OK
2024-11-08 09:45:00,0.0,OK
2024-11-08 09:50:00,0.0,OK
2024-11-08 09:55:00,0.0,OK
2024-11-08 10:00:00,0.0,OK
2024-11-08 10:05:00,0.0,OK
2024-11-08 10:10:00,0.0,OK
2024-11-08 10:15:00,0.0,OK
2024-11-08 10:20:00,0.0,OK
2024-11-08 10:25:00,0.0,OK
2024-11-08 10:30:00,0.0,OK
2024-11-08 10:35:00,0.0,OK
2024-11-08 10:40:00,0.0,OK
2024-11-08 10:45:00,0.0,OK
2024-11-08 10:50:00,0.0,OK
2024-11-08 10:55:00,0.0,OK
2024-11-08 11:00:00,,MISSING
2024-11-08 11:05:00,0.0,OK
2024-11-08 11:10:00,0.0,OK
2024-11-08 11:15:00,0.0,OK
2024-11-08 11:20:00,0.0,OK
2024-11-08 11:25:00,0.0,OK
2024-11-08 11:30:00,0.0,OK
2024-11-08 11:35:00,0.0,OK
2024-11-08 11:40:00,0.0,OK
2024-11-08 11:45:00,0.0,OK
2024-11-08 11:50:00,0.0,OK
2024-11-08 11:55:00,7859.054714765035,OK
2024-11-08 12:00:00,7718.193757571033,OK
2024-11-08 12:05:00,7790.470857292879,OK
2024-11-08 12:10:00,0.0,OK
2024-11-08 12:15:00,0.0,OK
2024-11-08 12:20:00,0.0,OK
2024-11-08 12:25:00,0.0,OK
2024-11-08 12:30:00,0.0,OK
2024-11-08 12:35:00,0.0,OK
2024-11-08 12:40:00,0.0,OK
2024-11-08 12:45:00,0.0,OK
2024-11-08 12:50:00,0.0,OK
2024-11-08 12:55:00,0.0,OK
2024-11-08 13:00:00,7225.1806754502195,OK
2024-11-08 13:05:00,7407.9365002309805,OK
2024-11-08 13:10:00,7292.024553534166,OK
2024-11-08 13:15:00,0.0,OK
2024-11-08 13:20:00,0.0,OK
2024-11-08 13:25:00,0.0,OK
2024-11-08 13:30:00,0.0,OK
2024-11-08 13:35:00,0.0,OK
2024-11-08 13:40:00,0.0,OK
2024-11-08 13:45:00,0.0,OK
2024-11-08 13:50:00,0.0,OK
2024-11-08 13:55:00,0.0,OK
2024-11-08 14:00:00,0.0,OK
2024-11-08 14:05:00,0.0,OK
2024-11-08 14:10:00,0.0,OK
2024-11-08 14:15:00,0.0,OK
2024-11-08 14:20:00,0.0,OK
2024-11-08 14:25:00,6730.011115370581,OK
2024-11-08 14:30:00,6870.304616086206,OK
2024-11-08 14:35:00,6816.615476926033,OK
2024-11-08 14:40:00,0.0,OK
2024-11-08 14:45:00,0.0,OK
2024-11-08 14:50:00,0.0,OK
2024-11-08 14:55:00,0.0,OK
2024-11-08 15:00:00,0.0,OK
2024-11-08 15:05:00,0.0,OK
2024-11-08 15:10:00,0.0,OK
2024-11-08 15:15:00,0.0,OK
2024-11-08 15:20:00,0.0,OK
2024-11-08 15:25:00,0.0,OK
2024-11-08 15:30:00,6634.858025970853,OK
2024-11-08 15:35:00,6638.676538903776,OK
2024-11-08 15:40:00,6503.308274469933,OK
2024-11-08 15:45:00,0.0,OK
2024-11-08 15:50:00,0.0,OK
2024-11-08 15:55:00,0.0,OK
2024-11-08 16:00:00,0.0,OK
2024-11-08 16:05:00,0.0,OK
2024-11-08 16:10:00,0.0,OK
2024-11-08 16:15:00,0.0,OK
2024-11-08 16:20:00,0.0,OK
2024-11-08 16:25:00,0.0,OK
2024-11-08 16:30:00,6302.017491374392,OK
2024-11-08 16:35:00,6369.57159519307,OK
2024-11-08 16:40:00,6218.288723547401,OK
2024-11-08 16:45:00,0.0,OK
2024-11-08 16:50:00,0.0,OK
2024-11-08 16:55:00,0.0,OK
2024-11-08 17:00:00,0.0,OK
2024-11-08 17:05:00,0.0,OK
2024-11-08 17:10:00,0.0,OK
2024-11-08 17:15:00,0.0,OK
2024-11-08 17:20:00,0.0,OK
2024-11-08 17:25:00,0.0,OK
2024-11-08 17:30:00,0.0,OK
2024-11-08 17:35:00,0.0,OK
2024-11-08 17:40:00,0.0,OK
2024-11-08 17:45:00,0.0,OK
2024-11-08 17:50:00,0.0,OK
2024-11-08 17:55:00,0.0,OK
2024-11-08 18:00:00,6287.184841550111,OK
2024-11-08 18:05:00,6176.541406279733,OK
2024-11-08 18:10:00,6103.455314511564,OK
2024-11-08 18:15:00,0.0,OK
2024-11-08 18:20:00,0.0,OK
2024-11-08 18:25:00,0.0,OK
2024-11-08 18:30:00,0.0,OK
2024-11-08 18:35:00,0.0,OK
2024-11-08 18:40:00,0.0,OK
2024-11-08 18:45:00,0.0,OK
2024-11-08 18:50:00,0.0,OK
2024-11-08 18:55:00,0.0,OK
2024-11-08 19:00:00,0.0,OK
2024-11-08 19:05:00,0.0,OK
2024-11-08 19:10:00,0.0,OK
2024-11-08 19:15:00,0.0,OK
2024-11-08 19:20:00,0.0,OK
2024-11-08 19:25:00,0.0,OK
2024-11-08 19:30:00,0.0,OK
2024-11-08 19:35:00,0.0,OK
2024-11-08 19:40:00,0.0,OK
2024-11-08 19:45:00,0.0,OK
2024-11-08 19:50:00,0.0,OK
2024-11-08 19:55:00,6581.2123980481565,OK
2024-11-08 20:00:00,6512.124366667093,OK
2024-11-08 20:05:00,6517.445420147733,OK
2024-11-08 20:10:00,0.0,OK
2024-11-08 20:15:00,0.0,OK
2024-11-08 20:20:00,0.0,OK
2024-11-08 20:25:00,0.0,OK
2024-11-08 20:30:00,0.0,OK
2024-11-08 20:35:00,0.0,OK
2024-11-08 20:40:00,0.0,OK
2024-11-08 20:45:00,0.0,OK
2024-11-08 20:50:00,6551.0419175881925,OK
2024-11-08 20:55:00,6821.096412818492,OK
2024-11-08 21:00:00,6793.76990119597,OK
2024-11-08 21:05:00,0.0,OK
2024-11-08 21:10:00,0.0,OK
2024-11-08 21:15:00,0.0,OK
2024-11-08 21:20:00,0.0,OK
2024-11-08 21:25:00,0.0,OK
2024-11-08 21:30:00,0.0,OK
2024-11-08 21:35:00,0.0,OK
2024-11-08 21:40:00,0.0,OK
2024-11-08 21:45:00,0.0,OK
2024-11-08 21:50:00,0.0,OK
2024-11-08 21:55:00,7347.562451678255,OK
2024-11-08 22:00:00,7134.540771286959,OK
2024-11-08 22:05:00,7309.803050892576,OK
2024-11-08 22:10:00,0.0,OK
2024-11-08 22:15:00,0.0,OK
2024-11-08 22:20:00,0.0,OK
2024-11-08 22:25:00,0.0,OK
2024-11-08 22:30:00,0.0,OK
2024-11-08 22:35:00,0.0,OK
2024-11-08 22:40:00,0.0,OK
2024-11-08 22:45:00,0.0,OK
2024-11-08 22:50:00,0.0,OK
2024-11-08 22:55:00,7328.709194584225,OK
2024-11-08 23:00:00,7371.870227916965,OK
2024-11-08 23:05:00,7463.120353515807,OK
2024-11-08 23:10:00,0.0,OK
2024-11-08 23:15:00,0.0,OK
2024-11-08 23:20:00,0.0,OK
2024-11-08 23:25:00,0.0,OK
2024-11-08 23:30:00,0.0,OK
2024-11-08 23:35:00,0.0,OK
2024-11-08 23:40:00,0.0,OK
2024-11-08 23:45:00,0.0,OK
2024-11-08 23:50:00,7651.268557079442,OK
2024-11-08 23:55:00,7367.580200324533,OK
2024-11-09 00:00:00,7818.491274421469,OK
2024-11-09 00:05:00,0.0,OK
2024-11-09 00:10:00,0.0,OK
2024-11-09 00:15:00,0.0,OK
2024-11-09 00:20:00,0.0,OK
2024-11-09 00:25:00,0.0,OK
2024-11-09 00:30:00,0.0,OK
2024-11-09 00:35:00,0.0,OK
2024-11-09 00:40:00,0.0,OK
2024-11-09 00:45:00,0.0,OK
2024-11-09 00:50:00,7745.733716791281,OK
2024-11-09 00:55:00,7818.128612338271,OK
2024-11-09 01:00:00,7942.77105892928,OK
2024-11-09 01:05:00,0.0,OK
2024-11-09 01:10:00,0.0,OK
2024-11-09 01:15:00,0.0,OK
2024-11-09 01:20:00,0.0,OK
2024-11-09 01:25:00,0.0,OK
2024-11-09 01:30:00,0.0,OK
2024-11-09 01:35:00,0.0,OK
2024-11-09 01:40:00,0.0,OK
2024-11-09 01:45:00,0.0,OK
2024-11-09 01:50:00,0.0,OK
2024-11-09 01:55:00,0.0,OK
2024-11-09 02:00:00,0.0,OK
2024-11-09 02:05:00,0.0,OK
2024-11-09 02:10:00,0.0,OK
2024-11-09 02:15:00,0.0,OK
2024-11-09 02:20:00,0.0,OK
2024-11-09 02:25:00,0.0,OK
2024-11-09 02:30:00,0.0,OK
2024-11-09 02:35:00,0.0,OK
2024-11-09 02:40:00,0.0,OK
2024-11-09 02:45:00,0.0,OK
2024-11-09 02:50:00,0.0,OK
2024-11-09 02:55:00,0.0,OK
2024-11-09 03:00:00,0.0,OK
2024-11-09 03:05:00,0.0,OK
2024-11-09 03:10:00,0.0,OK
2024-11-09 03:15:00,0.0,OK
2024-11-09 03:20:00,0.0,OK
2024-11-09 03:25:00,0.0,OK
2024-11-09 03:30:00,0.0,OK
2024-11-09 03:35:00,0.0,OK
2024-11-09 03:40:00,0.0,OK
2024-11-09 03:45:00,0.0,OK
2024-11-09 03:50:00,0.0,OK
2024-11-09 03:55:00,0.0,OK
2024-11-09 04:00:00,0.0,OK
2024-11-09 04:05:00,0.0,OK
2024-11-09 04:10:00,0.0,OK
2024-11-09 04:15:00,0.0,OK
2024-11-09 04:20:00,0.0,OK
2024-11-09 04:25:00,0.0,OK
2024-11-09 04:30:00,0.0,OK
2024-11-09 04:35:00,0.0,OK
2024-11-09 04:40:00,0.0,OK
2024-11-09 04:45:00,0.0,OK
2024-11-09 04:50:00,0.0,OK
2024-11-09 04:55:00,0.0,OK
2024-11-09 05:00:00,0.0,OK
2024-11-09 05:05:00,0.0,OK
2024-11-09 05:10:00,0.0,OK
2024-11-09 05:15:00,0.0,OK
2024-11-09 05:20:00,0.0,OK
2024-11-09 05:25:00,0.0,OK
2024-11-09 05:30:00,0.0,OK
2024-11-09 05:35:00,0.0,OK
2024-11-09 05:40:00,0.0,OK
2024-11-09 05:45:00,0.0,OK
2024-11-09 05:50:00,0.0,OK
2024-11-09 05:55:00,0.0,OK
2024-11-09 06:00:00,0.0,OK
2024-11-09 06:05:00,0.0,OK
2024-11-09 06:10:00,0.0,OK
2024-11-09 06:15:00,0.0,OK
2024-11-09 06:20:00,0.0,OK
2024-11-09 06:25:00,0.0,OK
2024-11-09 06:30:00,0.0,OK
2024-11-09 06:35:00,0.0,OK
2024-11-09 06:40:00,0.0,OK
2024-11-09 06:45:00,0.0,OK
2024-11-09 06:50:00,0.0,OK
2024-11-09 06:55:00,0.0,OK
2024-11-09 07:00:00,0.0,OK
2024-11-09 07:05:00,0.0,OK
2024-11-09 07:10:00,0.0,OK
2024-11-09 07:15:00,0.0,OK
2024-11-09 07:20:00,0.0,OK
2024-11-09 07:25:00,0.0,OK
2024-11-09 07:30:00,0.0,OK
2024-11-09 07:35:00,0.0,OK
2024-11-09 07:40:00,0.0,OK
2024-11-09 07:45:00,0.0,OK
2024-11-09 07:50:00,0.0,OK
2024-11-09 07:55:00,0.0,OK
2024-11-09 08:00:00,0.0,OK
2024-11-09 08:05:00,0.0,OK
2024-11-09 08:10:00,0.0,OK
2024-11-09 08:15:00,0.0,OK
2024-11-09 08:20:00,0.0,OK
2024-11-09 08:25:00,0.0,OK
2024-11-09 08:30:00,0.0,OK
2024-11-09 08:35:00,0.0,OK
2024-11-09 08:40:00,0.0,OK
2024-11-09 08:45:00,0.0,OK
2024-11-09 08:50:00,0.0,OK
2024-11-09 08:55:00,0.0,OK
2024-11-09 09:00:00,0.0,OK
2024-11-09 09:05:00,0.0,OK
2024-11-09 09:10:00,0.0,OK
2024-11-09 09:15:00,0.0,OK
2024-11-09 09:20:00,0.0,OK
2024-11-09 09:25:00,0.0,OK
2024-11-09 09:30:00,0.0,OK
2024-11-09 09:35:00,0.0,OK
2024-11-09 09:40:00,0.0,OK
2024-11-09 09:45:00,0.0,OK
2024-11-09 09:50:00,0.0,OK
2024-11-09 09:55:00,0.0,OK
2024-11-09 10:00:00,0.0,OK
2024-11-09 10:05:00,0.0,OK
2024-11-09 10:10:00,0.0,OK
2024-11-09 10:15:00,0.0,OK
2024-11-09 10:20:00,0.0,OK
2024-11-09 10:25:00,0.0,OK
2024-11-09 10:30:00,0.0,OK
2024-11-09 10:35:00,0.0,OK
2024-11-09 10:40:00,0.0,OK
2024-11-09 10:45:00,0.0,OK
2024-11-09 10:50:00,7955.297478908439,OK
2024-11-09 10:55:00,7826.56177026085,OK
2024-11-09 11:00:00,7846.383006596445,OK
2024-11-09 11:05:00,0.0,OK
2024-11-09 11:10:00,0.0,OK
2024-11-09 11:15:00,0.0,OK
2024-11-09 11:20:00,0.0,OK
2024-11-09 11:25:00,0.0,OK
2024-11-09 11:30:00,0.0,OK
2024-11-09 11:35:00,0.0,OK
2024-11-09 11:40:00,0.0,OK
2024-11-09 11:45:00,0.0,OK
2024-11-09 11:50:00,0.0,OK
2024-11-09 11:55:00,0.0,OK
2024-11-09 12:00:00,0.0,OK
2024-11-09 12:05:00,7363.121553686851,OK
2024-11-09 12:10:00,7359.084515061033,OK
2024-11-09 12:15:00,7333.59605918279,OK
2024-11-09 12:20:00,0.0,OK
2024-11-09 12:25:00,0.0,OK
2024-11-09 12:30:00,0.0,OK
2024-11-09 12:35:00,0.0,OK
2024-11-09 12:40:00,0.0,OK
2024-11-09 12:45:00,0.0,OK
2024-11-09 12:50:00,0.0,OK
2024-11-09 12:55:00,0.0,OK
2024-11-09 13:00:00,0.0,OK
2024-11-09 13:05:00,0.0,OK
2024-11-09 13:10:00,0.0,OK
2024-11-09 13:15:00,7356.097416345352,OK
2024-11-09 13:20:00,7135.183686870649,OK
2024-11-09 13:25:00,7180.941661640236,OK
2024-11-09 13:30:00,0.0,OK
2024-11-09 13:35:00,0.0,OK
2024-11-09 13:40:00,0.0,OK
2024-11-09 13:45:00,0.0,OK
2024-11-09 13:50:00,0.0,OK
2024-11-09 13:55:00,0.0,OK
2024-11-09 14:00:00,0.0,OK
2024-11-09 14:05:00,0.0,OK
2024-11-09 14:10:00,0.0,OK
2024-11-09 14:15:00,0.0,OK
2024-11-09 14:20:00,0.0,OK
2024-11-09 14:25:00,0.0,OK
2024-11-09 14:30:00,0.0,OK
2024-11-09 14:35:00,0.0,OK
2024-11-09 14:40:00,0.0,OK
2024-11-09 14:45:00,0.0,OK
2024-11-09 14:50:00,0.0,OK
2024-11-09 14:55:00,6658.499768119937,OK
2024-11-09 15:00:00,6572.7989759785905,OK
2024-11-09 15:05:00,6373.6380634272355,OK
2024-11-09 15:10:00,0.0,OK
2024-11-09 15:15:00,0.0,OK
2024-11-09 15:20:00,0.0,OK
2024-11-09 15:25:00,0.0,OK
2024-11-09 15:30:00,0.0,OK
2024-11-09 15:35:00,0.0,OK
2024-11-09 15:40:00,0.0,OK
2024-11-09 15:45:00,0.0,OK
2024-11-09 15:50:00,0.0,OK
2024-11-09 15:55:00,0.0,OK
2024-11-09 16:00:00,0.0,OK
2024-11-09 16:05:00,0.0,OK
2024-11-09 16:10:00,0.0,OK
2024-11-09 16:15:00,0.0,OK
2024-11-09 16:20:00,0.0,OK
2024-11-09 16:25:00,0.0,OK
2024-11-09 16:30:00,0.0,OK
2024-11-09 16:35:00,0.0,OK
2024-11-09 16:40:00,0.0,OK
2024-11-09 16:45:00,0.0,OK
2024-11-09 16:50:00,6194.819163568098,OK
2024-11-09 16:55:00,6075.106032252122,OK
2024-11-09 17:00:00,6120.184216407012,OK
2024-11-09 17:05:00,0.0,OK
2024-11-09 17:10:00,0.0,OK
2024-11-09 17:15:00,0.0,OK
2024-11-09 17:20:00,0.0,OK
2024-11-09 17:25:00,0.0,OK
2024-11-09 17:30:00,0.0,OK
2024-11-09 17:35:00,0.0,OK
2024-11-09 17:40:00,0.0,OK
2024-11-09 17:45:00,0.0,OK
2024-11-09 17:50:00,0.0,OK
2024-11-09 17:55:00,0.0,OK
2024-11-09 18:00:00,0.0,OK
2024-11-09 18:05:00,0.0,OK
2024-11-09 18:10:00,0.0,OK
2024-11-09 18:15:00,0.0,OK
2024-11-09 18:20:00,0.0,OK
2024-11-09 18:25:00,0.0,OK
2024-11-09 18:30:00,0.0,OK
2024-11-09 18:35:00,0.0,OK
2024-11-09 18:40:00,0.0,OK
2024-11-09 18:45:00,0.0,OK
2024-11-09 18:50:00,0.0,OK
2024-11-09 18:55:00,0.0,OK
2024-11-09 19:00:00,0.0,OK
2024-11-09 19:05:00,0.0,OK
2024-11-09 19:10:00,0.0,OK
2024-11-09 19:15:00,0.0,OK
2024-11-09 19:20:00,0.0,OK
2024-11-09 19:25:00,0.0,OK
2024-11-09 19:30:00,0.0,OK
2024-11-09 19:35:00,0.0,OK
2024-11-09 19:40:00,0.0,OK
2024-11-09 19:45:00,0.0,OK
2024-11-09 19:50:00,0.0,OK
2024-11-09 19:55:00,0.0,OK
2024-11-09 20:00:00,0.0,OK
2024-11-09 20:05:00,0.0,OK
2024-11-09 20:10:00,0.0,OK
2024-11-09 20:15:00,0.0,OK
2024-11-09 20:20:00,0.0,OK
2024-11-09 20:25:00,0.0,OK
2024-11-09 20:30:00,0.0,OK
2024-11-09 20:35:00,0.0,OK
2024-11-09 20:40:00,6299.144721350031,OK
2024-11-09 20:45:00,6133.623173208306,OK
2024-11-09 20:50:00,6351.894323530884,OK
2024-11-09 20:55:00,0.0,OK
2024-11-09 21:00:00,0.0,OK
2024-11-09 21:05:00,0.0,OK
2024-11-09 21:10:00,0.0,OK
2024-11-09 21:15:00,0.0,OK
2024-11-09 21:20:00,0.0,OK
2024-11-09 21:25:00,0.0,OK
2024-11-09 21:30:00,0.0,OK
2024-11-09 21:35:00,0.0,OK
2024-11-09 21:40:00,0.0,OK
2024-11-09 21:45:00,0.0,OK
2024-11-09 21:50:00,0.0,OK
2024-11-09 21:55:00,0.0,OK
2024-11-09 22:00:00,0.0,OK
2024-11-09 22:05:00,6510.150056657974,OK
2024-11-09 22:10:00,6534.439159326749,OK
2024-11-09 22:15:00,6620.177459264736,OK
2024-11-09 22:20:00,0.0,OK
2024-11-09 22:25:00,0.0,OK
2024-11-09 22:30:00,0.0,OK
2024-11-09 22:35:00,0.0,OK
2024-11-09 22:40:00,0.0,OK
2024-11-09 22:45:00,0.0,OK
2024-11-09 22:50:00,0.0,OK
2024-11-09 22:55:00,0.0,OK
2024-11-09 23:00:00,6688.580129271286,OK
2024-11-09 23:05:00,6776.067776181349,OK
2024-11-09 23:10:00,6901.369776912156,OK
2024-11-09 23:15:00,0.0,OK
2024-11-09 23:20:00,0.0,OK
2024-11-09 23:25:00,0.0,OK
2024-11-09 23:30:00,0.0,OK
2024-11-09 23:35:00,0.0,OK
2024-11-09 23:40:00,0.0,OK
2024-11-09 23:45:00,0.0,OK
2024-11-09 23:50:00,0.0,OK
2024-11-09 23:55:00,0.0,OK
2024-11-10 00:00:00,6931.19435644297,OK
2024-11-10 00:05:00,7038.948739126147,OK
2024-11-10 00:10:00,7028.1470707602575,OK
2024-11-10 00:15:00,0.0,OK
2024-11-10 00:20:00,0.0,OK
2024-11-10 00:25:00,0.0,OK
2024-11-10 00:30:00,0.0,OK
2024-11-10 00:35:00,0.0,OK
2024-11-10 00:40:00,0.0,OK
2024-11-10 00:45:00,0.0,OK
2024-11-10 00:50:00,0.0,OK
2024-11-10 00:55:00,0.0,OK
2024-11-10 01:00:00,0.0,OK
2024-11-10 01:05:00,0.0,OK
2024-11-10 01:10:00,0.0,OK
2024-11-10 01:15:00,0.0,OK
2024-11-10 01:20:00,0.0,OK
2024-11-10 01:25:00,0.0,OK
2024-11-10 01:30:00,0.0,OK
2024-11-10 01:35:00,0.0,OK
2024-11-10 01:40:00,0.0,OK
2024-11-10 01:45:00,7702.683449999791,OK
2024-11-10 01:50:00,7622.31449309599,OK
2024-11-10 01:55:00,7705.796543085682,OK
2024-11-10 02:00:00,0.0,OK
2024-11-10 02:05:00,0.0,OK
2024-11-10 02:10:00,0.0,OK
2024-11-10 02:15:00,0.0,OK
2024-11-10 02:20:00,0.0,OK
2024-11-10 02:25:00,0.0,OK
2024-11-10 02:30:00,0.0,OK
2024-11-10 02:35:00,0.0,OK
2024-11-10 02:40:00,0.0,OK
2024-11-10 02:45:00,0.0,OK
2024-11-10 02:50:00,0.0,OK
2024-11-10 02:55:00,0.0,OK
2024-11-10 03:00:00,0.0,OK
2024-11-10 03:05:00,7967.101665540674,OK
2024-11-10 03:10:00,7988.257488335253,OK
2024-11-10 03:15:00,8000.0,OK
2024-11-10 03:20:00,0.0,OK
2024-11-10 03:25:00,0.0,OK
2024-11-10 03:30:00,0.0,OK
2024-11-10 03:35:00,0.0,OK
2024-11-10 03:40:00,0.0,OK
2024-11-10 03:45:00,0.0,OK
2024-11-10 03:50:00,0.0,OK
2024-11-10 03:55:00,0.0,OK
2024-11-10 04:00:00,0.0,OK
2024-11-10 04:05:00,0.0,OK
2024-11-10 04:10:00,0.0,OK
2024-11-10 04:15:00,0.0,OK
2024-11-10 04:20:00,0.0,OK
2024-11-10 04:25:00,0.0,OK
2024-11-10 04:30:00,0.0,OK
2024-11-10 04:35:00,0.0,OK
2024-11-10 04:40:00,0.0,OK
2024-11-10 04:45:00,0.0,OK
2024-11-10 04:50:00,0.0,OK
2024-11-10 04:55:00,0.0,OK
2024-11-10 05:00:00,0.0,OK
2024-11-10 05:05:00,0.0,OK
2024-11-10 05:10:00,0.0,OK
2024-11-10 05:15:00,0.0,OK
2024-11-10 05:20:00,0.0,OK
2024-11-10 05:25:00,0.0,OK
2024-11-10 05:30:00,0.0,OK
2024-11-10 05:35:00,0.0,OK
2024-11-10 05:40:00,0.0,OK
2024-11-10 05:45:00,0.0,OK
2024-11-10 05:50:00,0.0,OK
2024-11-10 05:55:00,0.0,OK
2024-11-10 06:00:00,0.0,OK
2024-11-10 06:05:00,0.0,OK
2024-11-10 06:10:00,0.0,OK
2024-11-10 06:15:00,0.0,OK
2024-11-10 06:20:00,0.0,OK
2024-11-10 06:25:00,0.0,OK
2024-11-10 06:30:00,0.0,OK
2024-11-10 06:35:00,0.0,OK
2024-11-10 06:40:00,0.0,OK
2024-11-10 06:45:00,0.0,OK
2024-11-10 06:50:00,0.0,OK
2024-11-10 06:55:00,0.0,OK
2024-11-10 07:00:00,0.0,OK
2024-11-10 07:05:00,0.0,OK
2024-11-10 07:10:00,0.0,OK
2024-11-10 07:15:00,0.0,OK
2024-11-10 07:20:00,0.0,OK
2024-11-10 07:25:00,8000.0,OK
2024-11-10 07:30:00,8000.0,OK
2024-11-10 07:35:00,8000.0,OK
2024-11-10 07:40:00,0.0,OK
2024-11-10 07:45:00,0.0,OK
2024-11-10 07:50:00,0.0,OK
2024-11-10 07:55:00,0.0,OK
2024-11-10 08:00:00,0.0,OK
2024-11-10 08:05:00,0.0,OK
2024-11-10 08:10:00,0.0,OK
2024-11-10 08:15:00,0.0,OK
2024-11-10 08:20:00,0.0,OK
2024-11-10 08:25:00,0.0,OK
2024-11-10 08:30:00,0.0,OK
2024-11-10 08:35:00,0.0,OK
2024-11-10 08:40:00,0.0,OK
2024-11-10 08:45:00,0.0,OK
2024-11-10 08:50:00,0.0,OK
2024-11-10 08:55:00,0.0,OK
2024-11-10 09:00:00,0.0,OK
2024-11-10 09:05:00,0.0,OK
2024-11-10 09:10:00,0.0,OK
2024-11-10 09:15:00,0.0,OK
2024-11-10 09:20:00,0.0,OK
2024-11-10 09:25:00,0.0,OK
2024-11-10 09:30:00,0.0,OK
2024-11-10 09:35:00,0.0,OK
2024-11-10 09:40:00,0.0,OK
2024-11-10 09:45:00,0.0,OK
2024-11-10 09:50:00,0.0,OK
2024-11-10 09:55:00,0.0,OK
2024-11-10 10:00:00,0.0,OK
2024-11-10 10:05:00,7669.116504117378,OK
2024-11-10 10:10:00,7636.947658116228,OK
2024-11-10 10:15:00,7622.755920830267,OK
2024-11-10 10:20:00,0.0,OK
2024-11-10 10:25:00,0.0,OK
2024-11-10 10:30:00,0.0,OK
2024-11-10 10:35:00,0.0,OK
2024-11-10 10:40:00,0.0,OK
2024-11-10 10:45:00,0.0,OK
2024-11-10 10:50:00,0.0,OK
2024-11-10 10:55:00,0.0,OK
2024-11-10 11:00:00,0.0,OK
2024-11-10 11:05:00,7511.3469433907385,OK
2024-11-10 11:10:00,7387.18249453258,OK
2024-11-10 11:15:00,7326.373456737127,OK
2024-11-10 11:20:00,0.0,OK
2024-11-10 11:25:00,0.0,OK
2024-11-10 11:30:00,0.0,OK
2024-11-10 11:35:00,0.0,OK
2024-11-10 11:40:00,0.0,OK
2024-11-10 11:45:00,0.0,OK
2024-11-10 11:50:00,0.0,OK
2024-11-10 11:55:00,0.0,OK
2024-11-10 12:00:00,7105.379223762951,OK
2024-11-10 12:05:00,7077.914154347113,OK
2024-11-10 12:10:00,6989.736865910646,OK
2024-11-10 12:15:00,0.0,OK
2024-11-10 12:20:00,0.0,OK
2024-11-10 12:25:00,0.0,OK
2024-11-10 12:30:00,0.0,OK
2024-11-10 12:35:00,0.0,OK
2024-11-10 12:40:00,0.0,OK
2024-11-10 12:45:00,0.0,OK
2024-11-10 12:50:00,0.0,OK
2024-11-10 12:55:00,0.0,OK
2024-11-10 13:00:00,0.0,OK
2024-11-10 13:05:00,0.0,OK
2024-11-10 13:10:00,0.0,OK
2024-11-10 13:15:00,0.0,OK
2024-11-10 13:20:00,0.0,OK
2024-11-10 13:25:00,0.0,OK
2024-11-10 13:30:00,6484.971647936635,OK
2024-11-10 13:35:00,6723.126263909735,OK
2024-11-10 13:40:00,6389.996480757073,OK
2024-11-10 13:45:00,0.0,OK
2024-11-10 13:50:00,0.0,OK
2024-11-10 13:55:00,0.0,OK
2024-11-10 14:00:00,0.0,OK
2024-11-10 14:05:00,0.0,OK
2024-11-10 14:10:00,0.0,OK
2024-11-10 14:15:00,0.0,OK
2024-11-10 14:20:00,0.0,OK
2024-11-10 14:25:00,0.0,OK
2024-11-10 14:30:00,0.0,OK
2024-11-10 14:35:00,6257.620564825747,OK
2024-11-10 14:40:00,6297.435004550997,OK
2024-11-10 14:45:00,6088.308405514337,OK
2024-11-10 14:50:00,0.0,OK
2024-11-10 14:55:00,0.0,OK
2024-11-10 15:00:00,0.0,OK
2024-11-10 15:05:00,0.0,OK
2024-11-10 15:10:00,0.0,OK
2024-11-10 15:15:00,0.0,OK
2024-11-10 15:20:00,0.0,OK
2024-11-10 15:25:00,0.0,OK
2024-11-10 15:30:00,0.0,OK
2024-11-10 15:35:00,0.0,OK
2024-11-10 15:40:00,0.0,OK
2024-11-10 15:45:00,0.0,OK
2024-11-10 15:50:00,0.0,OK
2024-11-10 15:55:00,0.0,OK
2024-11-10 16:00:00,0.0,OK
2024-11-10 16:05:00,0.0,OK
2024-11-10 16:10:00,0.0,OK
2024-11-10 16:15:00,0.0,OK
2024-11-10 16:20:00,0.0,OK
2024-11-10 16:25:00,0.0,OK
2024-11-10 16:30:00,0.0,OK
2024-11-10 16:35:00,0.0,OK
2024-11-10 16:40:00,0.0,OK
2024-11-10 16:45:00,0.0,OK
2024-11-10 16:50:00,0.0,OK
2024-11-10 16:55:00,0.0,OK
2024-11-10 17:00:00,0.0,OK
2024-11-10 17:05:00,0.0,OK
2024-11-10 17:10:00,0.0,OK
2024-11-10 17:15:00,0.0,OK
2024-11-10 17:20:00,0.0,OK
2024-11-10 17:25:00,0.0,OK
2024-11-10 17:30:00,0.0,OK
2024-11-10 17:35:00,0.0,OK
2024-11-10 17:40:00,0.0,OK
2024-11-10 17:45:00,0.0,OK
2024-11-10 17:50:00,0.0,OK
2024-11-10 17:55:00,0.0,OK
2024-11-10 18:00:00,0.0,OK
2024-11-10 18:05:00,0.0,OK
2024-11-10 18:10:00,0.0,OK
2024-11-10 18:15:00,0.0,OK
2024-11-10 18:20:00,0.0,OK
2024-11-10 18:25:00,0.0,OK
2024-11-10 18:30:00,0.0,OK
2024-11-10 18:35:00,0.0,OK
2024-11-10 18:40:00,0.0,OK
2024-11-10 18:45:00,0.0,OK
2024-11-10 18:50:00,0.0,OK
2024-11-10 18:55:00,0.0,OK
2024-11-10 19:00:00,0.0,OK
2024-11-10 19:05:00,0.0,OK
2024-11-10 19:10:00,0.0,OK
2024-11-10 19:15:00,0.0,OK
2024-11-10 19:20:00,0.0,OK
2024-11-10 19:25:00,0.0,OK
2024-11-10 19:30:00,0.0,OK
2024-11-10 19:35:00,0.0,OK
2024-11-10 19:40:00,0.0,OK
2024-11-10 19:45:00,0.0,OK
2024-11-10 19:50:00,0.0,OK
2024-11-10 19:55:00,0.0,OK
2024-11-10 20:00:00,0.0,OK
2024-11-10 20:05:00,0.0,OK
2024-11-10 20:10:00,0.0,OK
2024-11-10 20:15:00,0.0,OK
2024-11-10 20:20:00,0.0,OK
2024-11-10 20:25:00,0.0,OK
2024-11-10 20:30:00,0.0,OK
2024-11-10 20:35:00,0.0,OK
2024-11-10 20:40:00,0.0,OK
2024-11-10 20:45:00,0.0,OK
2024-11-10 20:50:00,0.0,OK
2024-11-10 20:55:00,0.0,OK
2024-11-10 21:00:00,0.0,OK
2024-11-10 21:05:00,0.0,OK
2024-11-10 21:10:00,6048.627018254145,OK
2024-11-10 21:15:00,5959.151815066411,OK
2024-11-10 21:20:00,5790.506076175689,OK
2024-11-10 21:25:00,0.0,OK
2024-11-10 21:30:00,0.0,OK
2024-11-10 21:35:00,0.0,OK
2024-11-10 21:40:00,0.0,OK
2024-11-10 21:45:00,0.0,OK
2024-11-10 21:50:00,0.0,OK
2024-11-10 21:55:00,0.0,OK
2024-11-10 22:00:00,0.0,OK
2024-11-10 22:05:00,0.0,OK
2024-11-10 22:10:00,0.0,OK
2024-11-10 22:15:00,0.0,OK
2024-11-10 22:20:00,6097.95094344925,OK
2024-11-10 22:25:00,6075.7057616798065,OK
2024-11-10 22:30:00,6174.625493285097,OK
2024-11-10 22:35:00,0.0,OK
2024-11-10 22:40:00,0.0,OK
2024-11-10 22:45:00,0.0,OK
2024-11-10 22:50:00,0.0,OK
2024-11-10 22:55:00,0.0,OK
2024-11-10 23:00:00,0.0,OK
2024-11-10 23:05:00,0.0,OK
2024-11-10 23:10:00,0.0,OK
2024-11-10 23:15:00,6444.939781902203,OK
2024-11-10 23:20:00,6410.058299146328,OK
2024-11-10 23:25:00,6469.559057027467,OK
2024-11-10 23:30:00,0.0,OK
2024-11-10 23:35:00,0.0,OK
2024-11-10 23:40:00,0.0,OK
2024-11-10 23:45:00,0.0,OK
2024-11-10 23:50:00,0.0,OK
2024-11-10 23:55:00,0.0,OK
